,CHE 201,MTH 201,MEE 203,MEE 205,CSC 201,EEE 203,EEE 291,MSE 201,gpa
0,58,39,26,46,29,29,24,26,0.6818181818181818
1,45,86,91,38,73,43,22,40,2.590909090909091
2,48,48,27,39,32,37,35,27,0.6363636363636364
3,82,55,75,88,83,90,82,72,4.636363636363637
4,24,56,55,73,81,22,58,58,2.727272727272727
5,65,62,87,20,23,23,84,83,2.6363636363636362
6,54,84,51,29,27,86,69,86,3.1363636363636362
7,77,90,41,42,40,21,37,51,2.3636363636363638
8,66,49,57,84,21,21,32,40,2.0
9,38,24,88,30,24,52,44,36,0.9090909090909091
10,51,38,41,76,59,58,37,77,2.6818181818181817
11,83,86,64,36,78,26,75,69,3.409090909090909
12,31,21,35,23,82,89,89,47,1.8636363636363635
13,85,79,25,23,21,26,89,52,2.227272727272727
14,38,61,63,68,59,37,21,83,2.727272727272727
15,51,33,67,71,30,73,31,54,2.5454545454545454
16,83,24,82,46,62,46,74,77,3.1363636363636362
17,54,55,30,29,87,89,45,37,2.409090909090909
18,34,57,73,36,29,64,71,70,2.4545454545454546
19,62,91,55,51,39,39,32,61,2.6818181818181817
20,44,80,66,76,69,39,48,65,3.272727272727273
21,29,29,60,42,44,53,28,85,1.7272727272727273
22,87,64,59,35,66,35,79,37,2.4545454545454546
23,40,72,72,43,80,63,91,87,3.772727272727273
24,44,69,44,76,55,41,86,40,2.5454545454545454
25,53,21,80,70,65,40,61,80,3.090909090909091
26,91,31,91,63,90,66,51,26,3.0454545454545454
27,47,27,21,54,44,50,56,25,1.3636363636363635
28,67,22,88,58,44,67,61,30,2.272727272727273
29,73,36,35,77,52,59,91,68,2.9545454545454546
30,84,91,55,28,52,71,41,67,3.5454545454545454
31,65,82,62,70,20,90,23,81,3.8636363636363638
32,54,42,90,56,51,56,66,43,2.590909090909091
33,22,65,54,41,56,62,78,78,3.0
34,45,50,43,84,51,36,29,41,2.1363636363636362
35,81,50,89,64,74,91,61,34,3.772727272727273
36,87,65,54,44,35,25,21,78,2.5
37,27,22,59,62,43,33,59,22,1.0909090909090908
38,30,25,63,75,29,68,47,57,2.090909090909091
39,40,84,76,52,26,37,50,51,2.4545454545454546
40,76,37,30,66,83,84,80,84,3.5
41,64,84,38,83,59,66,78,69,3.8636363636363638
42,85,29,88,80,83,73,54,66,3.8636363636363638
43,58,45,64,83,28,23,84,68,2.590909090909091
44,33,43,50,27,82,29,38,76,1.8181818181818181
45,67,78,33,87,69,62,35,41,3.3636363636363638
46,38,75,89,67,61,52,84,84,3.772727272727273
47,36,69,78,78,24,37,55,43,2.1363636363636362
48,60,90,82,51,20,49,58,71,3.409090909090909
49,37,45,42,46,23,90,83,34,1.6363636363636365
50,58,42,45,39,64,48,86,56,2.227272727272727
51,33,79,50,89,84,52,43,32,3.0
52,42,68,45,38,20,21,24,82,1.7272727272727273
53,53,77,64,34,61,35,63,86,3.090909090909091
54,90,69,81,72,65,44,34,72,3.909090909090909
55,47,20,57,27,64,65,60,57,2.227272727272727
56,78,26,79,61,59,22,45,54,2.590909090909091
57,33,38,27,41,88,65,66,75,2.227272727272727
58,40,87,83,48,77,65,68,84,3.8636363636363638
59,83,78,74,75,62,82,32,44,4.090909090909091
60,48,59,61,83,45,85,29,40,2.9545454545454546
61,35,39,48,27,67,20,32,20,0.7272727272727273
62,67,53,63,25,63,60,64,90,3.409090909090909
63,38,22,72,88,53,27,88,75,2.4545454545454546
64,56,29,59,91,32,76,39,71,2.727272727272727
65,82,76,84,29,65,43,24,74,3.409090909090909
66,52,40,91,23,67,75,57,78,3.090909090909091
67,62,83,61,30,52,38,61,50,2.8181818181818183
68,75,24,38,73,60,53,39,78,3.0
69,54,79,77,71,73,75,43,51,4.2727272727272725
70,71,91,79,63,44,78,44,84,4.136363636363637
71,37,28,89,50,42,44,23,54,1.5454545454545454
72,90,42,68,81,58,46,79,91,3.5
73,29,62,80,87,87,47,34,86,3.5
74,73,50,29,40,58,71,70,60,3.227272727272727
75,77,74,67,26,48,31,69,61,2.9545454545454546
76,66,51,49,31,59,69,71,30,2.4545454545454546
77,52,89,60,69,53,51,36,81,3.727272727272727
78,52,54,62,33,71,87,22,35,2.6818181818181817
79,23,37,40,59,83,68,39,57,2.1363636363636362
80,66,71,32,65,66,34,64,65,3.272727272727273
81,25,88,60,87,59,86,87,78,3.9545454545454546
82,85,32,28,53,90,45,34,89,2.727272727272727
83,57,38,83,42,75,52,20,69,2.6363636363636362
84,63,50,44,71,80,63,59,40,3.3636363636363638
85,44,38,62,77,82,91,36,24,2.5454545454545454
86,35,43,39,56,34,89,81,81,2.1818181818181817
87,62,89,64,83,84,36,30,72,3.8636363636363638
88,39,60,33,21,25,32,20,24,0.7272727272727273
89,30,45,77,88,33,88,44,63,2.772727272727273
90,57,45,25,77,38,50,47,42,2.090909090909091
91,69,36,31,64,78,42,72,40,2.272727272727273
92,74,39,72,56,32,56,20,55,2.3636363636363638
93,29,69,45,66,65,65,22,42,2.6818181818181817
94,27,43,65,33,69,82,32,26,1.7727272727272727
95,56,24,35,88,23,58,66,58,2.090909090909091
96,35,79,75,84,75,27,75,68,3.5
97,22,43,68,39,31,35,56,23,0.6818181818181818
98,73,88,41,31,68,42,81,42,2.727272727272727
99,71,52,81,89,36,26,83,36,2.590909090909091
100,67,77,79,41,76,28,37,55,3.1363636363636362
101,64,24,43,73,65,20,67,33,2.0454545454545454
102,28,51,81,71,58,59,74,31,2.727272727272727
103,69,51,49,25,70,72,20,87,3.3181818181818183
104,72,62,76,23,57,62,59,38,2.9545454545454546
105,76,85,36,57,53,78,82,38,3.3181818181818183
106,74,22,77,65,50,57,72,37,2.727272727272727
107,88,29,34,81,64,45,78,45,2.6818181818181817
108,59,20,67,58,41,35,69,65,2.0454545454545454
109,46,73,56,44,79,52,21,61,3.227272727272727
110,30,46,42,51,58,38,36,37,1.2727272727272727
111,51,47,63,50,42,25,24,47,1.9545454545454546
112,90,66,61,78,35,65,76,45,3.5
113,78,23,77,30,32,24,71,42,1.5
114,60,27,59,32,91,68,30,62,2.590909090909091
115,54,89,70,71,58,59,87,36,3.5
116,42,31,31,29,86,50,42,89,1.9545454545454546
117,69,35,50,46,43,43,26,52,1.7727272727272727
118,64,72,61,70,59,42,91,77,3.9545454545454546
119,47,84,69,88,54,36,35,40,2.772727272727273
120,41,33,58,45,23,43,60,36,1.0
121,47,88,41,53,38,20,49,65,2.3181818181818183
122,39,64,21,79,65,76,83,77,3.5454545454545454
123,80,67,80,70,44,69,24,28,3.227272727272727
124,90,22,43,80,79,60,49,76,3.4545454545454546
125,86,90,43,71,68,43,52,28,3.1818181818181817
126,62,73,36,57,64,38,39,79,3.090909090909091
127,71,64,32,87,26,71,86,88,3.6818181818181817
128,33,47,29,79,75,31,62,79,2.590909090909091
129,38,40,55,89,26,74,33,25,1.8181818181818181
130,29,30,51,74,32,62,61,52,2.090909090909091
131,84,41,91,78,71,48,91,66,3.727272727272727
132,89,84,67,85,79,47,64,82,4.454545454545454
133,45,22,63,27,73,63,65,23,2.0454545454545454
134,41,44,64,38,29,38,83,79,1.5909090909090908
135,80,26,83,37,38,47,75,50,2.0454545454545454
136,47,57,38,62,62,27,67,47,2.3636363636363638
137,68,89,69,43,32,58,79,69,3.1363636363636362
138,27,51,81,36,42,79,70,75,2.727272727272727
139,24,51,30,27,72,69,61,89,2.6363636363636362
140,41,33,37,32,67,55,71,32,1.3181818181818181
141,67,33,33,45,56,82,83,59,2.5454545454545454
142,27,53,90,42,68,83,44,75,3.090909090909091
143,22,53,45,63,83,90,73,21,2.8636363636363638
144,50,47,41,41,83,28,64,22,1.8636363636363635
145,87,35,76,59,83,72,43,78,3.6363636363636362
146,21,69,53,76,65,57,38,35,2.6363636363636362
147,47,55,63,88,45,33,50,46,2.5454545454545454
148,36,80,89,62,71,77,27,84,3.9545454545454546
149,32,63,77,70,40,70,49,71,3.4545454545454546
150,59,63,62,80,78,88,42,50,4.0
151,81,56,48,23,52,89,68,85,3.3636363636363638
152,63,69,87,82,67,81,46,53,4.136363636363637
153,28,90,63,24,27,29,82,41,1.6363636363636365
154,29,41,43,39,53,30,50,44,0.9545454545454546
155,40,45,22,26,55,77,72,66,2.3636363636363638
156,30,47,41,42,40,43,31,32,0.8636363636363636
157,84,38,83,41,50,64,74,87,3.1363636363636362
158,39,66,32,69,78,24,77,87,2.8636363636363638
159,44,39,20,23,35,74,20,37,0.8181818181818182
160,60,30,37,28,40,89,84,33,1.5909090909090908
161,56,61,70,87,78,85,82,37,3.8636363636363638
162,31,81,42,74,57,56,60,71,3.3636363636363638
163,62,51,24,63,46,68,27,54,2.8636363636363638
164,87,58,78,21,50,37,65,74,2.9545454545454546
165,49,40,61,53,51,52,62,78,2.909090909090909
166,64,22,49,36,65,79,65,35,2.1363636363636362
167,74,29,74,71,34,24,74,53,2.4545454545454546
168,21,49,55,44,46,41,87,42,1.5454545454545454
169,79,35,79,80,28,31,90,51,2.4545454545454546
170,54,88,77,57,39,58,34,56,3.0
171,57,49,37,55,24,27,40,83,1.9090909090909092
172,38,76,39,52,32,60,79,27,2.090909090909091
173,71,74,40,54,84,21,85,66,3.5454545454545454
174,60,55,40,68,47,29,75,56,2.6363636363636362
175,38,27,72,32,74,20,32,25,1.1363636363636365
176,91,39,37,82,23,84,91,48,2.5454545454545454
177,53,71,43,30,26,20,54,27,1.5454545454545454
178,56,71,70,76,74,91,72,52,4.454545454545454
179,23,82,50,75,37,31,59,72,2.6818181818181817
180,84,73,70,26,64,63,25,72,3.8181818181818183
181,67,68,67,78,84,60,61,78,4.409090909090909
182,87,20,52,68,41,76,49,49,2.6818181818181817
183,83,77,90,30,23,82,85,59,3.3636363636363638
184,52,60,75,27,65,72,30,50,3.227272727272727
185,91,52,71,26,24,60,58,86,3.0454545454545454
186,43,25,76,20,79,24,82,62,2.0454545454545454
187,57,47,29,59,49,29,63,73,2.3181818181818183
188,39,87,48,80,73,57,53,40,3.1363636363636362
189,21,43,31,50,33,44,36,88,1.4090909090909092
190,73,58,81,79,78,73,80,68,4.5
191,26,57,83,55,22,35,33,65,1.9545454545454546
192,78,84,54,82,53,41,89,81,4.0
193,58,91,68,58,31,33,82,38,2.3181818181818183
194,39,65,22,52,65,48,38,46,2.227272727272727
195,54,35,65,88,51,32,20,91,2.5454545454545454
196,59,30,91,50,46,62,52,81,2.909090909090909
197,53,24,22,45,59,20,60,24,1.2727272727272727
198,91,53,81,28,36,20,32,52,2.090909090909091
199,59,73,34,37,47,87,80,80,3.1818181818181817
200,36,66,51,52,82,55,79,51,3.1363636363636362
201,91,60,86,76,72,33,91,77,4.136363636363637
202,35,26,72,41,35,32,43,37,0.6363636363636364
203,40,33,42,88,24,40,60,26,1.2272727272727273
204,57,43,37,35,20,55,33,73,1.6818181818181819
205,77,65,78,51,43,81,50,90,3.909090909090909
206,78,88,26,58,69,70,48,78,4.0
207,48,42,67,43,86,21,36,86,2.3181818181818183
208,57,87,53,44,82,39,62,60,3.1363636363636362
209,58,74,51,78,56,83,31,79,4.045454545454546
210,72,36,34,47,60,78,59,43,2.4545454545454546
211,84,63,27,63,41,32,89,53,2.727272727272727
212,88,73,55,69,60,74,65,85,4.5
213,74,58,77,35,21,21,56,34,1.8181818181818181
214,72,66,72,46,74,47,68,74,3.9545454545454546
215,63,85,80,77,36,47,88,67,3.6363636363636362
216,43,41,26,88,84,27,34,65,2.227272727272727
217,31,84,65,81,63,85,37,26,3.1818181818181817
218,31,60,75,21,57,30,71,60,2.3636363636363638
219,28,89,86,83,82,85,45,50,3.909090909090909
220,75,91,75,74,46,43,38,84,3.8181818181818183
221,50,32,40,25,57,84,90,33,1.8181818181818181
222,35,73,72,39,32,55,28,78,2.4545454545454546
223,68,65,68,47,64,65,81,30,3.227272727272727
224,86,33,32,58,73,51,71,84,3.090909090909091
225,50,47,21,87,87,33,80,52,2.772727272727273
226,66,30,28,75,26,36,77,90,2.1363636363636362
227,68,85,46,47,71,27,90,48,3.090909090909091
228,90,47,22,40,79,22,51,47,2.272727272727273
229,56,34,57,44,36,79,36,64,2.0454545454545454
230,62,38,42,37,47,63,59,23,1.5909090909090908
231,41,40,71,81,78,78,62,39,3.0
232,49,32,75,21,31,43,59,44,1.1363636363636365
233,28,80,72,50,84,72,77,34,3.3636363636363638
234,47,51,57,41,63,40,86,34,2.1363636363636362
235,32,55,26,45,25,22,36,85,1.5
236,25,53,26,46,90,27,91,75,2.409090909090909
237,66,46,49,88,69,36,84,26,2.5454545454545454
238,29,74,89,71,91,38,63,61,3.4545454545454546
239,69,36,88,29,47,26,66,80,2.1363636363636362
240,39,61,90,87,61,32,31,50,2.8181818181818183
241,34,79,71,79,38,37,42,91,2.772727272727273
242,70,72,90,62,82,71,25,55,4.363636363636363
243,42,37,61,34,26,68,42,79,1.7727272727272727
244,75,50,88,45,28,79,86,35,2.8636363636363638
245,79,70,32,55,61,86,35,53,3.6363636363636362
246,63,27,58,80,91,73,47,76,3.6363636363636362
247,89,88,83,24,58,35,69,48,2.909090909090909
248,56,83,58,30,30,72,30,89,2.9545454545454546
249,41,62,87,33,28,59,31,61,2.272727272727273
250,64,48,72,89,86,30,45,69,3.3636363636363638
251,41,47,30,55,62,34,25,41,1.5909090909090908
252,74,55,75,25,79,37,28,35,2.3636363636363638
253,62,65,45,43,80,25,85,29,2.5
254,80,91,68,90,89,57,52,85,4.545454545454546
255,36,76,46,27,42,88,68,68,2.6363636363636362
256,38,77,49,26,73,54,21,74,2.8636363636363638
257,30,24,48,83,80,80,31,37,2.227272727272727
258,28,68,23,86,36,29,25,68,1.9545454545454546
259,40,62,69,73,71,67,26,66,3.6818181818181817
260,62,36,84,41,57,32,25,45,1.8181818181818181
261,51,25,54,76,54,27,66,34,1.9545454545454546
262,54,56,80,51,41,41,42,72,2.8181818181818183
263,55,56,54,89,46,32,84,35,2.409090909090909
264,20,59,35,35,88,91,72,37,2.1363636363636362
265,88,37,55,49,91,32,71,22,2.1363636363636362
266,30,22,50,24,59,86,41,42,1.5454545454545454
267,30,75,81,80,82,34,54,77,3.5454545454545454
268,57,56,78,53,91,40,25,21,2.6363636363636362
269,82,84,53,43,41,87,81,39,3.0454545454545454
270,49,46,54,35,20,23,84,75,1.8181818181818181
271,74,89,83,48,74,72,42,51,4.136363636363637
272,58,26,20,44,45,49,75,31,1.3181818181818181
273,78,46,64,86,82,28,55,64,3.4545454545454546
274,84,68,26,77,29,33,42,36,2.1363636363636362
275,68,63,33,21,86,61,78,37,2.727272727272727
276,33,23,20,82,78,32,80,78,2.272727272727273
277,52,56,47,24,58,79,38,67,2.772727272727273
278,58,22,47,59,27,73,64,41,2.0
279,37,41,54,63,66,41,71,67,2.4545454545454546
280,56,59,30,21,61,29,36,81,2.1818181818181817
281,31,33,29,54,44,48,65,26,1.0
282,68,73,28,21,29,21,68,33,1.6363636363636365
283,28,55,26,46,49,58,70,46,2.0
284,84,40,61,60,82,26,21,48,2.727272727272727
285,88,22,34,75,47,67,32,91,2.8636363636363638
286,52,20,71,52,61,72,36,56,2.909090909090909
287,46,48,59,54,27,29,46,85,2.090909090909091
288,20,65,27,88,50,52,84,85,3.1363636363636362
289,30,88,58,85,54,24,67,37,2.4545454545454546
290,61,70,49,85,48,75,74,46,3.772727272727273
291,41,34,49,33,72,25,40,71,1.7272727272727273
292,32,37,81,47,47,85,70,70,2.590909090909091
293,39,41,28,69,65,27,42,91,2.0
294,74,89,84,56,54,48,32,89,3.8181818181818183
295,80,21,65,81,76,33,79,54,3.0454545454545454
296,40,71,21,28,47,42,79,70,2.3636363636363638
297,30,76,52,39,23,30,91,66,1.9545454545454546
298,40,54,30,77,36,89,72,75,2.9545454545454546
299,81,32,71,50,24,81,55,22,2.3636363636363638
300,33,55,56,21,81,85,38,55,2.590909090909091
301,67,84,38,41,43,55,62,41,2.4545454545454546
302,59,63,26,52,45,82,39,21,2.5
303,84,68,22,42,87,23,78,79,3.1363636363636362
304,33,77,58,49,46,45,85,66,2.772727272727273
305,71,91,88,41,84,31,85,90,3.772727272727273
306,62,45,64,31,21,85,61,23,2.1363636363636362
307,88,87,23,57,67,24,35,62,3.090909090909091
308,26,65,62,34,27,63,74,87,2.5454545454545454
309,39,69,29,91,59,79,66,31,2.6818181818181817
310,23,57,33,69,65,81,55,28,2.4545454545454546
311,25,50,27,37,44,56,54,50,1.6363636363636365
312,55,35,90,36,57,67,32,79,2.5
313,87,78,90,39,38,23,61,23,2.227272727272727
314,75,68,61,24,52,23,66,69,2.909090909090909
315,26,22,51,31,91,35,37,48,1.2272727272727273
316,47,63,63,39,88,28,20,43,2.1818181818181817
317,32,49,44,35,32,47,49,41,0.9545454545454546
318,47,85,43,31,62,64,47,81,3.1363636363636362
319,80,45,90,43,42,84,51,50,3.0
320,91,74,22,38,86,49,57,89,3.3636363636363638
321,46,31,42,43,44,79,77,42,1.6818181818181819
322,41,82,39,61,39,76,67,78,3.1363636363636362
323,87,62,37,81,27,41,67,26,2.409090909090909
324,49,37,40,48,25,73,31,33,1.3181818181818181
325,36,42,65,85,59,21,49,48,2.0
326,26,65,37,91,79,28,71,44,2.4545454545454546
327,68,69,67,56,87,55,33,34,3.1363636363636362
328,78,57,28,52,51,81,64,69,3.4545454545454546
329,46,58,88,25,59,22,40,48,2.0
330,57,56,66,90,47,68,35,50,3.227272727272727
331,76,37,31,90,60,71,20,90,3.272727272727273
332,21,91,53,37,43,87,39,44,2.1363636363636362
333,66,26,80,74,56,89,65,82,3.6363636363636362
334,42,75,83,64,84,33,77,48,3.227272727272727
335,39,55,38,73,83,33,60,49,2.3636363636363638
336,59,72,62,43,74,88,41,45,3.5
337,20,27,26,24,25,85,65,44,1.0
338,76,30,86,33,89,72,30,87,3.1818181818181817
339,40,71,77,21,76,72,38,58,3.272727272727273
340,87,71,69,79,25,64,22,69,3.727272727272727
341,82,36,80,66,75,21,63,86,3.227272727272727
342,76,75,59,29,54,53,68,21,2.8636363636363638
343,66,65,25,50,22,82,49,91,3.1363636363636362
344,66,84,59,39,83,68,30,29,2.9545454545454546
345,41,62,48,22,78,21,39,59,2.1363636363636362
346,37,29,37,22,59,69,24,54,1.3636363636363635
347,61,57,77,22,42,60,34,35,2.227272727272727
348,62,64,27,90,39,38,27,25,1.9545454545454546
349,89,23,90,77,59,77,83,52,3.5454545454545454
350,73,33,51,70,84,23,78,44,2.6818181818181817
351,25,89,43,43,89,63,74,27,2.590909090909091
352,59,64,29,22,50,53,64,45,2.409090909090909
353,37,82,22,90,60,89,36,86,3.5
354,51,75,31,65,89,29,28,77,3.227272727272727
355,39,40,26,28,23,43,28,72,1.0
356,22,57,67,21,76,27,84,86,2.5
357,71,60,71,32,57,33,80,24,2.5
358,68,20,64,27,82,38,54,81,2.409090909090909
359,84,20,30,65,42,69,47,84,2.6818181818181817
360,61,80,22,70,71,31,81,73,3.727272727272727
361,79,29,84,74,84,83,63,21,3.3636363636363638
362,44,54,59,39,39,38,62,75,1.8181818181818181
363,59,40,38,71,73,76,45,37,2.727272727272727
364,53,61,45,22,44,23,70,27,1.6818181818181819
365,77,37,58,52,47,61,49,81,2.9545454545454546
366,24,32,41,32,22,34,78,53,0.7272727272727273
367,73,26,91,60,79,51,82,73,3.6818181818181817
368,48,26,82,39,28,73,81,65,2.1818181818181817
369,76,61,77,41,63,66,76,45,3.590909090909091
370,72,89,42,63,49,33,72,65,3.272727272727273
371,50,31,37,73,43,47,28,63,2.0454545454545454
372,91,35,62,68,72,79,90,89,3.8636363636363638
373,61,82,70,48,74,37,80,78,3.772727272727273
374,61,85,89,26,52,45,29,60,3.1363636363636362
375,23,48,29,85,45,48,29,56,2.0
376,91,88,42,58,27,25,26,84,2.772727272727273
377,57,69,28,30,29,39,44,29,1.1818181818181819
378,72,77,27,60,55,26,72,63,3.3181818181818183
379,69,20,25,50,31,42,49,56,1.5909090909090908
380,65,91,21,77,51,28,25,32,2.5454545454545454
381,42,54,73,76,33,38,30,49,2.090909090909091
382,80,90,88,86,88,65,28,77,4.636363636363637
383,54,53,27,33,68,78,71,91,3.090909090909091
384,70,49,70,42,20,42,31,62,2.3181818181818183
385,73,81,37,30,43,67,49,32,2.3636363636363638
386,73,64,90,62,78,33,86,44,3.4545454545454546
387,76,83,45,36,22,71,23,20,2.4545454545454546
388,66,66,59,32,47,79,66,49,2.9545454545454546
389,77,25,79,82,63,52,87,30,3.0
390,45,76,59,68,44,60,36,76,3.3636363636363638
391,53,31,90,72,82,73,43,69,3.5
392,67,76,79,31,64,62,29,85,3.6818181818181817
393,61,72,33,89,84,44,63,61,3.6818181818181817
394,50,36,32,55,62,42,32,47,1.7727272727272727
395,40,39,60,55,63,67,64,32,2.1818181818181817
396,46,68,49,29,65,40,65,25,2.0454545454545454
397,74,20,54,50,73,80,26,23,2.727272727272727
398,57,84,44,49,24,65,87,63,3.0
399,89,44,37,88,69,67,65,31,2.8181818181818183
400,45,67,64,61,44,38,28,85,2.727272727272727
401,73,58,30,44,45,78,62,57,2.909090909090909
402,22,23,20,86,56,81,67,23,1.9545454545454546
403,78,24,39,57,37,47,52,73,2.1818181818181817
404,85,81,30,88,58,65,28,68,3.772727272727273
405,57,39,50,76,49,49,71,82,2.8181818181818183
406,36,64,90,46,62,57,27,27,2.409090909090909
407,31,89,81,27,67,80,52,24,2.727272727272727
408,36,83,83,50,27,69,70,56,2.9545454545454546
409,91,79,53,67,39,57,69,63,3.5454545454545454
410,67,90,27,88,91,28,65,91,3.6818181818181817
411,40,36,85,20,50,55,26,58,1.8181818181818181
412,48,73,25,59,77,26,41,79,3.0
413,82,28,21,50,47,32,26,44,1.5
414,54,76,24,68,32,36,37,84,2.5454545454545454
415,45,91,48,40,33,27,72,46,2.0
416,55,29,57,39,42,52,58,23,1.3636363636363635
417,52,39,40,91,69,46,43,43,2.1818181818181817
418,42,60,59,36,91,43,81,75,2.8636363636363638
419,78,87,25,51,34,65,55,45,2.9545454545454546
420,41,31,70,44,60,74,47,23,2.0454545454545454
421,62,36,85,68,64,36,82,75,3.0
422,50,21,70,24,85,90,45,42,2.4545454545454546
423,51,43,21,57,63,90,50,77,3.0454545454545454
424,24,67,30,37,21,89,74,78,2.3181818181818183
425,88,69,76,57,64,90,26,71,4.181818181818182
426,67,33,52,23,78,50,47,79,2.6818181818181817
427,90,51,24,49,23,76,58,90,3.0
428,52,41,56,64,56,70,60,44,2.8181818181818183
429,61,53,24,38,38,21,45,28,1.1818181818181819
430,21,65,69,74,34,20,25,88,2.4545454545454546
431,35,25,60,43,67,91,54,34,1.8636363636363635
432,40,75,20,52,56,74,21,45,2.8181818181818183
433,64,44,38,27,71,44,36,30,1.5454545454545454
434,50,77,46,79,40,68,42,65,3.4545454545454546
435,28,20,36,39,42,34,25,85,0.8181818181818182
436,36,65,57,79,49,54,81,60,3.1363636363636362
437,73,83,67,67,44,27,71,42,3.0
438,21,39,64,71,31,83,50,46,2.1363636363636362
439,41,83,68,42,81,23,21,28,2.227272727272727
440,58,32,62,90,71,76,52,27,2.9545454545454546
441,20,29,40,49,44,78,53,50,1.7272727272727273
442,45,85,24,56,64,32,85,25,2.3636363636363638
443,68,35,23,88,37,78,22,60,2.4545454545454546
444,29,40,31,58,53,52,75,21,1.6363636363636365
445,65,63,69,75,34,77,49,88,3.772727272727273
446,29,86,73,22,64,21,63,22,2.090909090909091
447,86,84,31,46,39,30,60,48,2.3181818181818183
448,42,78,59,26,24,75,85,50,2.6363636363636362
449,49,27,32,57,63,20,72,85,2.1363636363636362
450,86,64,80,60,22,28,52,86,3.227272727272727
451,63,50,55,60,56,54,33,66,3.272727272727273
452,52,41,78,47,70,24,60,85,2.8636363636363638
453,20,71,23,90,52,51,78,83,3.3181818181818183
454,73,89,75,46,34,86,26,91,3.6818181818181817
455,24,25,65,41,80,59,37,21,1.5909090909090908
456,78,42,45,38,51,70,62,36,2.3181818181818183
457,56,45,58,44,24,24,60,35,1.3636363636363635
458,43,76,37,90,64,77,86,48,3.4545454545454546
459,54,44,53,65,52,44,89,44,2.3181818181818183
460,68,51,74,43,55,50,28,70,3.1818181818181817
461,33,37,78,59,71,56,24,67,2.5
462,61,34,70,65,61,81,53,64,3.4545454545454546
463,89,50,84,29,24,54,82,39,2.3181818181818183
464,32,88,63,30,85,57,57,74,3.1818181818181817
465,79,61,40,41,80,58,59,59,3.272727272727273
466,29,55,20,60,67,29,44,78,2.3636363636363638
467,57,62,40,73,81,58,35,88,3.6818181818181817
468,21,77,73,87,80,58,44,77,3.8636363636363638
469,59,35,22,88,61,50,33,79,2.727272727272727
470,35,26,25,43,78,61,63,57,1.9545454545454546
471,72,89,27,67,65,45,59,66,3.6363636363636362
472,55,53,28,26,41,61,87,36,1.8636363636363635
473,45,53,34,89,29,53,87,26,2.1363636363636362
474,88,45,31,38,44,59,53,50,2.1363636363636362
475,81,45,39,29,46,54,51,31,1.8636363636363635
476,89,42,25,39,71,40,22,84,2.3636363636363638
477,62,76,72,41,75,70,68,43,3.727272727272727
478,36,86,35,53,21,36,67,86,2.1818181818181817
479,85,66,24,75,78,23,51,65,3.4545454545454546
480,86,84,38,47,57,44,31,71,3.090909090909091
481,24,57,67,24,46,57,63,39,1.7727272727272727
482,65,41,46,90,41,84,43,62,3.0
483,42,46,67,28,35,43,52,64,1.6818181818181819
484,42,24,63,57,78,44,51,79,2.5454545454545454
485,31,71,34,82,22,24,46,34,1.6818181818181819
486,29,30,69,74,41,36,44,66,1.7727272727272727
487,49,36,20,47,74,25,76,29,1.4545454545454546
488,73,26,65,71,37,78,29,32,2.409090909090909
489,76,81,26,59,75,90,45,28,3.4545454545454546
490,91,74,24,84,20,41,79,65,3.1818181818181817
491,57,26,70,45,84,33,43,72,2.5454545454545454
492,83,23,35,41,91,56,81,81,2.8181818181818183
493,60,43,31,82,72,28,66,67,2.8181818181818183
494,58,27,60,74,35,23,89,40,1.8181818181818181
495,60,20,90,59,20,89,49,43,2.3181818181818183
496,67,83,38,82,39,80,39,53,3.227272727272727
497,72,57,58,53,31,59,67,69,3.0454545454545454
498,44,59,66,61,41,73,37,53,2.8181818181818183
499,65,58,58,43,22,83,67,25,2.3636363636363638
500,86,33,35,39,61,57,61,78,2.5
501,44,44,42,42,39,67,37,77,1.7727272727272727
502,29,23,61,69,56,41,35,38,1.4545454545454546
503,39,62,28,58,75,62,35,82,3.0454545454545454
504,73,23,60,83,51,65,76,45,3.1818181818181817
505,77,28,41,45,38,88,77,42,2.090909090909091
506,39,89,87,52,60,72,44,78,3.727272727272727
507,59,87,29,35,50,22,37,86,2.409090909090909
508,26,81,62,38,89,84,33,40,2.772727272727273
509,21,37,82,81,52,89,57,36,2.3636363636363638
510,72,59,64,90,52,87,25,36,3.3636363636363638
511,72,60,57,76,57,78,74,72,4.363636363636363
512,64,43,52,56,58,26,43,24,1.8636363636363635
513,55,43,85,79,83,65,31,72,3.6363636363636362
514,22,64,40,85,76,21,37,61,2.727272727272727
515,60,28,46,25,35,24,42,89,1.4545454545454546
516,44,26,53,39,61,36,83,60,1.7272727272727273
517,33,50,76,34,21,39,79,45,1.5
518,61,77,78,57,51,33,75,50,3.3636363636363638
519,44,43,33,73,48,36,55,42,1.5454545454545454
520,29,41,70,53,80,54,71,85,3.0454545454545454
521,74,82,60,44,87,44,26,67,3.4545454545454546
522,76,75,71,57,32,68,36,52,3.409090909090909
523,55,62,57,60,61,51,79,45,3.409090909090909
524,29,34,91,60,28,25,40,49,1.3181818181818181
525,60,90,87,54,51,53,55,72,3.9545454545454546
526,82,58,26,64,74,27,57,78,3.272727272727273
527,50,60,54,73,32,57,90,32,2.727272727272727
528,66,62,53,30,54,37,66,29,2.1363636363636362
529,40,81,79,24,83,20,30,64,2.727272727272727
530,35,67,35,87,27,40,63,69,2.272727272727273
531,42,70,35,63,43,30,68,39,1.9090909090909092
532,61,70,47,51,21,79,88,85,3.6363636363636362
533,34,59,35,35,21,73,34,20,1.2272727272727273
534,33,74,27,25,82,65,49,51,2.6363636363636362
535,68,31,82,72,78,35,72,47,2.8636363636363638
536,86,68,28,57,50,83,56,37,3.0454545454545454
537,68,44,88,87,29,23,56,42,2.1363636363636362
538,67,38,23,51,87,72,42,34,2.3636363636363638
539,50,41,45,30,29,29,36,71,1.4545454545454546
540,35,22,78,79,32,36,52,82,1.9545454545454546
541,73,48,20,46,34,55,68,84,2.590909090909091
542,53,42,49,38,68,72,42,22,2.0454545454545454
543,60,87,27,43,85,83,66,88,3.8181818181818183
544,57,38,26,67,22,65,80,59,2.1363636363636362
545,47,41,65,72,87,78,72,34,3.090909090909091
546,25,74,37,57,47,61,67,73,3.0
547,38,64,36,41,44,62,45,49,1.9090909090909092
548,41,70,23,77,43,88,66,59,3.1363636363636362
549,62,25,21,36,47,43,23,84,1.6363636363636365
550,76,36,66,31,80,40,41,42,2.0454545454545454
551,36,53,26,83,21,54,76,53,2.272727272727273
552,31,61,81,29,62,78,32,53,2.8181818181818183
553,45,71,50,80,88,90,47,61,4.136363636363637
554,76,47,85,88,43,60,54,50,3.409090909090909
555,36,81,77,84,85,61,26,22,3.272727272727273
556,32,48,42,69,82,77,48,85,3.1363636363636362
557,76,57,33,51,45,29,83,74,2.8181818181818183
558,53,49,50,64,22,53,42,56,2.4545454545454546
559,39,63,49,39,80,80,29,59,2.6818181818181817
560,71,77,70,88,72,32,20,49,3.6818181818181817
561,51,51,76,47,67,49,76,37,2.727272727272727
562,43,79,28,24,86,26,29,70,2.409090909090909
563,87,89,25,84,90,90,27,35,3.6363636363636362
564,83,80,60,87,87,71,59,45,4.409090909090909
565,42,78,27,28,50,51,26,88,2.5454545454545454
566,77,60,75,62,27,67,67,77,3.8181818181818183
567,30,40,70,66,71,60,40,82,3.1363636363636362
568,78,80,76,78,70,85,77,72,5.0
569,84,54,89,29,83,25,80,37,2.590909090909091
570,47,26,67,24,75,51,64,30,1.9090909090909092
571,29,89,80,45,38,66,36,41,2.3181818181818183
572,54,38,77,56,61,79,55,81,3.3181818181818183
573,87,76,77,32,60,89,23,35,3.272727272727273
574,80,86,48,70,20,85,21,45,3.409090909090909
575,82,70,24,24,42,29,75,43,2.090909090909091
576,32,77,82,35,34,79,50,51,2.590909090909091
577,86,71,76,72,91,55,69,86,4.681818181818182
578,35,46,83,78,67,84,80,63,3.5
579,66,83,78,20,53,72,79,75,3.909090909090909
580,74,44,51,85,48,48,27,23,2.3636363636363638
581,22,41,76,64,91,54,34,68,2.8181818181818183
582,53,48,29,90,90,59,68,85,3.409090909090909
583,62,81,50,45,37,64,34,87,3.227272727272727
584,29,68,87,82,72,89,85,27,3.4545454545454546
585,57,34,74,84,34,63,38,79,2.772727272727273
586,43,75,66,28,88,91,63,58,3.3636363636363638
587,42,73,25,66,70,22,82,63,3.0454545454545454
588,83,30,20,43,26,62,40,61,1.9545454545454546
589,87,50,79,29,26,61,44,68,2.8181818181818183
590,41,60,86,22,72,33,74,34,2.227272727272727
591,47,57,51,27,50,56,58,31,2.0454545454545454
592,77,77,68,84,70,29,41,54,3.772727272727273
593,74,56,67,45,90,26,79,33,2.772727272727273
594,48,26,40,23,86,78,82,79,2.6363636363636362
595,44,73,59,54,40,83,32,81,3.227272727272727
596,91,36,74,80,53,45,53,52,3.0454545454545454
597,40,87,51,76,60,63,58,80,3.909090909090909
598,48,72,47,24,31,67,46,84,2.6818181818181817
599,67,45,20,67,30,20,89,55,2.090909090909091
600,55,44,33,90,77,83,41,62,3.227272727272727
601,45,25,91,34,23,61,56,87,2.090909090909091
602,73,65,49,30,75,58,35,45,2.9545454545454546
603,89,74,40,60,73,56,25,70,4.0
604,41,23,25,34,90,34,49,82,1.5909090909090908
605,38,26,85,41,66,63,52,84,2.5
606,86,31,59,82,50,71,60,74,3.590909090909091
607,56,41,22,54,29,46,79,38,1.5
608,56,56,88,82,80,45,73,73,3.9545454545454546
609,42,90,40,23,81,63,39,36,2.3636363636363638
610,67,64,34,51,58,88,69,73,3.6363636363636362
611,68,80,60,82,63,43,80,41,3.5454545454545454
612,20,80,51,82,35,51,73,56,2.909090909090909
613,28,51,58,36,85,24,85,79,2.409090909090909
614,62,50,33,77,73,81,40,64,3.727272727272727
615,42,41,42,82,69,51,64,45,2.5
616,43,75,80,60,46,73,88,26,3.227272727272727
617,51,45,69,71,40,57,59,85,3.1818181818181817
618,61,62,40,35,39,26,56,47,1.7727272727272727
619,79,73,36,38,42,67,30,43,2.409090909090909
620,57,57,73,51,58,75,70,37,3.1363636363636362
621,87,46,89,37,30,59,41,58,2.3636363636363638
622,44,70,69,81,46,84,39,80,3.727272727272727
623,90,63,49,89,37,83,85,46,3.4545454545454546
624,46,50,32,59,76,70,76,26,2.8181818181818183
625,43,21,28,43,23,79,90,35,1.1818181818181819
626,46,37,33,43,24,88,41,89,1.8181818181818181
627,20,44,34,61,24,43,53,78,1.6818181818181819
628,60,86,31,74,88,22,58,41,3.090909090909091
629,51,20,36,61,90,28,85,61,2.409090909090909
630,39,64,66,55,56,78,83,87,3.5
631,89,56,71,69,46,87,73,62,3.9545454545454546
632,46,56,35,88,34,21,48,48,1.8636363636363635
633,20,32,73,49,70,87,63,40,2.409090909090909
634,31,66,57,48,25,70,84,32,2.1818181818181817
635,46,54,29,67,45,63,29,23,2.1818181818181817
636,42,65,89,66,44,43,24,76,2.8181818181818183
637,61,42,30,73,48,29,41,48,2.0
638,33,56,61,78,70,59,37,61,3.227272727272727
639,53,37,38,66,66,44,47,66,2.272727272727273
640,36,35,88,23,81,39,68,46,1.5909090909090908
641,22,64,39,77,35,32,61,54,2.0
642,39,28,53,52,89,22,46,54,1.8636363636363635
643,66,80,53,30,50,60,78,59,3.3181818181818183
644,83,74,27,86,26,29,40,68,2.8636363636363638
645,82,39,44,59,57,43,88,24,1.9545454545454546
646,60,54,81,43,83,65,30,77,3.590909090909091
647,50,39,71,77,74,89,91,75,3.8181818181818183
648,59,22,85,77,20,39,23,71,2.227272727272727
649,47,42,72,27,50,47,42,90,2.3181818181818183
650,72,31,45,26,68,31,39,83,2.090909090909091
651,72,27,26,52,47,81,60,29,2.227272727272727
652,67,30,83,38,54,85,66,46,2.5454545454545454
653,50,51,78,47,34,79,40,87,3.090909090909091
654,47,62,53,23,39,31,21,39,1.2727272727272727
655,27,52,20,30,36,86,42,57,1.6818181818181819
656,44,43,34,55,39,32,71,23,0.9545454545454546
657,53,60,24,64,35,67,77,45,2.727272727272727
658,22,51,74,46,78,81,40,91,3.3636363636363638
659,70,78,89,56,85,77,54,74,4.636363636363637
660,51,71,50,32,73,55,25,64,3.227272727272727
661,90,41,33,20,50,44,25,90,2.090909090909091
662,22,23,37,42,90,82,46,33,1.5909090909090908
663,48,60,62,34,33,26,68,76,2.227272727272727
664,49,60,83,68,76,76,91,23,3.590909090909091
665,70,32,90,33,32,85,32,86,2.5
666,79,41,50,59,66,74,67,40,3.090909090909091
667,39,48,36,23,71,61,55,25,1.7272727272727273
668,21,55,65,66,37,39,64,81,2.3181818181818183
669,74,59,46,90,57,55,54,64,3.590909090909091
670,63,20,48,54,33,56,34,21,1.5454545454545454
671,37,66,32,20,21,78,37,23,1.4090909090909092
672,90,57,28,72,36,86,34,33,2.590909090909091
673,65,83,58,61,64,37,38,40,2.9545454545454546
674,28,72,79,48,39,25,83,42,2.0
675,50,80,86,57,85,90,75,26,3.772727272727273
676,25,60,45,46,20,23,61,42,1.5
677,69,81,89,66,75,26,24,60,3.6818181818181817
678,75,20,46,26,45,27,84,74,2.0454545454545454
679,43,76,88,75,25,47,77,27,2.6818181818181817
680,44,89,38,31,38,21,39,38,1.0454545454545454
681,67,45,89,52,70,62,21,39,3.0
682,53,51,25,30,47,24,58,38,1.3636363636363635
683,40,77,53,77,47,91,70,33,3.1818181818181817
684,84,67,21,59,90,43,65,54,3.227272727272727
685,61,66,53,80,62,74,58,66,4.136363636363637
686,38,27,69,68,79,73,61,39,2.4545454545454546
687,36,86,81,22,36,75,91,90,2.9545454545454546
688,60,59,28,76,76,41,34,27,2.590909090909091
689,32,70,33,58,57,77,32,50,2.8181818181818183
690,50,70,40,35,35,69,83,57,2.590909090909091
691,37,51,86,30,37,21,52,85,1.8181818181818181
692,57,52,51,71,35,88,59,62,3.272727272727273
693,75,75,88,89,36,41,84,32,3.090909090909091
694,30,37,44,73,73,70,29,26,2.1363636363636362
695,80,54,23,81,82,82,89,67,4.045454545454546
696,52,68,51,54,52,83,68,54,3.5
697,23,72,45,41,20,42,30,56,1.7727272727272727
698,62,79,56,59,39,59,74,83,3.4545454545454546
699,28,63,32,52,59,30,60,75,2.409090909090909
700,43,71,28,69,77,49,21,40,2.6818181818181817
701,49,78,55,63,56,23,50,28,2.5454545454545454
702,61,73,30,61,48,35,33,46,2.5454545454545454
703,27,78,88,78,65,76,39,27,3.272727272727273
704,20,48,90,56,44,60,39,29,1.9090909090909092
705,30,25,86,51,63,86,73,47,2.590909090909091
706,50,64,59,80,84,72,67,31,3.6363636363636362
707,72,60,87,89,70,40,26,34,3.3636363636363638
708,21,87,88,65,41,66,35,33,2.590909090909091
709,54,81,79,55,87,30,50,80,3.6818181818181817
710,53,27,36,37,24,39,31,70,1.0909090909090908
711,69,40,32,81,49,45,29,65,2.5
712,55,86,91,60,31,68,54,24,3.0
713,56,28,45,29,67,91,49,75,2.590909090909091
714,50,59,53,56,38,27,79,83,2.5454545454545454
715,30,57,73,90,49,79,82,85,3.5454545454545454
716,46,55,75,61,58,23,41,44,2.409090909090909
717,25,90,24,23,67,89,59,60,2.8181818181818183
718,71,25,50,45,72,87,81,57,3.227272727272727
719,91,78,37,75,83,46,44,90,3.9545454545454546
720,46,43,90,41,45,54,55,79,2.5454545454545454
721,26,37,44,59,54,23,50,39,1.0454545454545454
722,30,85,59,55,44,81,57,71,3.227272727272727
723,38,87,33,77,58,33,74,54,2.6363636363636362
724,55,82,81,23,73,91,39,33,3.1363636363636362
725,75,89,68,21,90,51,80,39,3.272727272727273
726,54,68,90,83,75,63,28,27,3.5
727,26,28,54,64,29,46,49,26,1.1818181818181819
728,83,72,81,27,85,51,27,65,3.6818181818181817
729,38,54,66,64,24,40,59,83,2.409090909090909
730,88,63,25,31,76,40,79,28,2.4545454545454546
731,79,85,73,64,84,76,23,57,4.363636363636363
732,29,78,78,63,23,56,76,89,3.227272727272727
733,49,21,82,42,40,28,37,25,1.0
734,42,20,48,86,27,73,69,42,2.0
735,40,45,63,87,38,63,69,82,2.9545454545454546
736,38,25,29,40,77,58,46,71,2.0
737,55,55,52,82,36,68,36,91,3.1363636363636362
738,36,30,75,69,81,32,89,33,1.9090909090909092
739,72,24,42,20,34,40,32,34,0.9090909090909091
740,84,68,24,40,37,56,32,49,2.227272727272727
741,41,88,78,78,32,81,28,54,3.272727272727273
742,80,36,64,60,67,56,40,60,3.1363636363636362
743,70,26,39,28,64,53,79,55,2.272727272727273
744,41,50,33,69,45,42,21,42,1.7727272727272727
745,37,60,83,77,74,87,75,51,3.8636363636363638
746,87,89,47,49,20,24,63,43,2.3636363636363638
747,59,28,64,90,47,72,21,70,3.090909090909091
748,53,88,66,25,61,75,34,64,3.4545454545454546
749,46,86,54,72,34,91,28,77,3.5
750,64,47,68,57,91,75,31,56,3.4545454545454546
751,72,91,88,91,27,60,42,36,3.3181818181818183
752,90,26,55,72,66,82,38,23,2.8636363636363638
753,30,35,68,74,64,38,81,89,2.5
754,21,81,23,29,57,80,71,54,2.6363636363636362
755,71,70,27,64,63,72,86,66,4.136363636363637
756,41,65,75,52,29,51,29,58,2.5454545454545454
757,62,29,61,33,58,74,60,48,2.4545454545454546
758,54,80,75,32,48,47,43,80,3.0454545454545454
759,53,48,47,33,49,68,44,61,2.3636363636363638
760,69,56,23,45,51,83,80,22,2.6818181818181817
761,48,64,54,84,60,42,73,46,3.1363636363636362
762,35,58,33,48,46,54,21,41,1.6363636363636365
763,57,74,71,81,40,28,62,21,2.772727272727273
764,61,49,81,31,81,33,41,88,2.772727272727273
765,90,88,24,24,25,50,34,42,2.1363636363636362
766,60,34,46,71,30,26,59,25,1.5454545454545454
767,72,78,76,47,34,89,43,52,3.4545454545454546
768,44,74,32,44,42,66,50,53,2.409090909090909
769,52,65,49,44,52,47,74,55,2.772727272727273
770,73,81,45,20,45,37,56,57,2.590909090909091
771,72,39,76,32,89,81,22,43,2.6363636363636362
772,32,29,44,67,91,20,79,70,2.227272727272727
773,54,24,24,24,34,67,47,84,1.7272727272727273
774,84,59,55,31,26,75,62,77,3.0454545454545454
775,62,24,66,44,47,38,73,21,1.5454545454545454
776,51,58,52,33,22,42,73,27,1.5909090909090908
777,38,47,44,64,50,53,25,84,2.5
778,77,65,86,34,64,33,63,76,3.272727272727273
779,26,32,65,50,27,71,60,42,1.7727272727272727
780,48,61,66,50,56,91,51,59,3.409090909090909
781,58,33,81,58,33,70,40,79,2.6818181818181817
782,64,42,82,22,34,77,59,71,2.6818181818181817
783,84,21,36,78,44,52,20,65,2.4545454545454546
784,33,56,38,54,83,39,24,68,2.1818181818181817
785,80,75,90,45,29,34,54,37,2.4545454545454546
786,54,68,23,33,81,52,39,34,2.227272727272727
787,56,52,69,76,40,26,73,69,2.909090909090909
788,78,86,53,68,82,91,74,37,4.0
789,21,78,28,34,39,59,86,50,1.9545454545454546
790,51,31,66,34,81,71,70,34,2.3636363636363638
791,41,52,60,38,69,54,41,55,2.4545454545454546
792,59,76,68,52,89,81,83,83,4.363636363636363
793,34,86,91,89,80,88,38,55,3.8181818181818183
794,31,33,77,85,33,48,33,61,1.9545454545454546
795,51,55,79,53,49,60,64,45,3.090909090909091
796,47,21,31,25,66,47,66,50,1.6818181818181819
797,21,82,24,36,47,45,36,25,1.4545454545454546
798,65,52,59,49,80,67,26,44,3.0
799,46,77,61,86,51,43,25,56,3.1818181818181817
800,70,59,31,26,65,87,21,54,2.8636363636363638
801,55,64,25,75,28,23,83,24,2.0454545454545454
802,58,40,77,38,50,65,32,84,2.6818181818181817
803,56,66,44,53,60,76,20,57,3.272727272727273
804,86,83,27,27,55,84,80,71,3.590909090909091
805,80,48,61,80,29,90,48,55,3.272727272727273
806,58,46,78,69,26,35,73,41,2.1363636363636362
807,57,59,28,72,23,55,55,76,2.8636363636363638
808,22,89,60,34,52,60,49,54,2.727272727272727
809,41,24,20,67,23,35,79,65,1.4545454545454546
810,68,24,71,74,39,43,37,22,1.8181818181818181
811,20,21,24,44,90,66,58,50,1.9090909090909092
812,32,39,54,51,36,30,75,61,1.4545454545454546
813,48,41,89,32,58,51,86,63,2.5
814,89,29,75,79,69,71,56,31,3.1818181818181817
815,41,39,32,72,68,28,30,84,2.0454545454545454
816,47,50,73,66,29,63,88,38,2.590909090909091
817,90,25,79,74,65,40,63,86,3.3636363636363638
818,52,78,32,37,40,73,73,37,2.3636363636363638
819,46,79,33,73,33,82,36,83,3.227272727272727
820,88,81,42,41,64,78,63,51,3.6363636363636362
821,87,71,85,28,65,85,81,30,3.5
822,78,59,22,39,81,54,68,71,3.1818181818181817
823,21,32,74,86,58,90,44,68,2.8181818181818183
824,90,58,25,51,53,80,43,20,2.772727272727273
825,46,77,82,27,52,87,62,64,3.4545454545454546
826,47,70,84,66,61,74,58,75,4.2272727272727275
827,63,43,69,70,26,21,78,66,2.5454545454545454
828,69,71,52,33,28,84,21,77,3.090909090909091
829,79,45,48,61,44,59,68,27,2.5
830,53,80,77,53,28,49,66,78,3.3181818181818183
831,39,49,20,70,53,26,81,34,1.6818181818181819
832,89,39,80,52,27,42,38,21,1.6818181818181819
833,75,67,71,56,84,42,30,89,3.772727272727273
834,56,29,74,36,84,49,90,88,2.727272727272727
835,29,79,90,77,29,62,61,67,3.3181818181818183
836,41,67,51,31,64,73,53,70,3.1818181818181817
837,20,29,80,38,21,26,31,59,0.8636363636363636
838,67,27,82,84,28,57,61,89,2.9545454545454546
839,91,59,84,51,52,33,76,33,2.727272727272727
840,78,88,61,77,51,57,54,30,3.590909090909091
841,62,86,23,54,71,44,69,44,3.0
842,72,51,45,34,57,66,63,47,2.8181818181818183
843,36,40,23,26,42,62,23,56,1.2727272727272727
844,51,30,45,67,24,77,61,36,2.0
845,82,87,26,58,89,40,74,49,3.3181818181818183
846,37,77,37,68,53,39,24,83,2.5454545454545454
847,28,27,90,61,48,56,89,91,2.590909090909091
848,24,54,27,85,60,31,25,81,2.4545454545454546
849,83,60,56,70,69,24,28,51,3.3181818181818183
850,83,60,22,73,41,49,64,44,2.8181818181818183
851,59,70,34,81,25,50,28,57,2.8181818181818183
852,25,75,76,50,54,88,85,51,3.5
853,56,20,40,20,51,70,41,44,1.7727272727272727
854,57,53,61,62,81,64,86,41,3.4545454545454546
855,88,33,37,73,43,81,80,26,2.409090909090909
856,88,61,67,80,24,80,72,25,3.3636363636363638
857,55,23,24,41,37,74,86,58,1.8636363636363635
858,53,25,70,51,29,83,30,22,1.9545454545454546
859,39,23,58,51,73,73,74,64,2.8181818181818183
860,62,54,31,43,69,83,31,69,3.0
861,87,21,30,23,77,54,61,35,1.9545454545454546
862,89,75,76,49,86,73,57,28,3.8181818181818183
863,52,59,23,25,79,22,59,66,2.3181818181818183
864,68,61,30,71,73,52,57,29,3.1818181818181817
865,63,35,28,51,50,20,65,32,1.5454545454545454
866,58,70,87,54,81,74,48,68,4.181818181818182
867,50,72,51,60,57,66,42,28,3.1363636363636362
868,60,23,52,52,41,45,56,38,1.7727272727272727
869,53,41,24,62,67,86,54,73,3.1818181818181817
870,67,27,48,47,82,69,43,69,2.8181818181818183
871,87,33,55,21,73,32,43,72,2.3636363636363638
872,64,81,49,83,39,59,30,37,2.727272727272727
873,91,87,72,74,75,70,49,32,4.181818181818182
874,77,35,67,81,81,78,64,75,3.9545454545454546
875,65,47,64,33,65,69,70,86,3.272727272727273
876,44,77,75,72,49,82,44,32,3.1818181818181817
877,58,41,49,42,72,46,26,33,1.8636363636363635
878,79,52,67,55,45,28,40,60,2.8636363636363638
879,48,77,44,72,73,76,62,52,3.909090909090909
880,29,69,40,50,53,53,91,32,2.272727272727273
881,69,48,59,58,89,37,45,47,2.6363636363636362
882,45,76,20,27,49,80,78,80,3.0454545454545454
883,80,74,84,32,78,76,21,50,3.8181818181818183
884,65,33,71,61,63,56,42,46,2.8181818181818183
885,26,56,26,38,24,20,84,80,1.4545454545454546
886,65,88,61,88,47,86,48,36,3.5454545454545454
887,52,85,89,52,32,88,23,24,2.8636363636363638
888,47,42,32,28,63,83,78,60,2.4545454545454546
889,73,45,77,78,55,22,24,32,2.590909090909091
890,49,59,27,38,60,73,24,82,2.727272727272727
891,70,29,30,37,69,54,77,89,2.5454545454545454
892,69,44,22,66,26,56,34,50,2.090909090909091
893,42,67,28,38,80,51,34,22,1.9545454545454546
894,88,60,74,77,64,80,55,58,4.318181818181818
895,25,39,44,63,42,26,24,24,0.7727272727272727
896,60,31,52,89,84,40,28,65,2.8636363636363638
897,46,69,20,82,43,60,26,68,2.909090909090909
898,24,72,80,59,21,36,70,23,2.0
899,22,59,63,49,51,20,53,71,2.409090909090909
900,67,56,54,89,42,78,48,34,2.9545454545454546
901,27,47,27,37,30,43,33,59,0.9090909090909091
902,30,50,59,90,78,36,31,56,2.590909090909091
903,25,64,76,42,27,53,32,50,2.1363636363636362
904,30,81,32,51,43,36,45,80,2.227272727272727
905,62,75,21,25,84,70,23,83,3.5
906,61,47,35,31,31,38,30,79,1.5909090909090908
907,78,23,48,79,50,26,67,78,2.8181818181818183
908,48,66,72,21,42,70,38,62,2.8181818181818183
909,20,64,68,38,77,57,80,87,3.090909090909091
910,41,74,90,90,21,89,55,28,3.0
911,27,29,62,21,32,59,82,73,1.6818181818181819
912,60,25,71,86,52,63,33,33,2.6363636363636362
913,91,78,60,32,42,42,30,60,2.772727272727273
914,36,22,29,30,31,21,79,53,0.6363636363636364
915,57,45,51,77,22,75,65,88,3.272727272727273
916,87,44,43,40,30,64,83,28,1.8636363636363635
917,48,27,80,90,73,55,36,87,3.1818181818181817
918,87,62,88,68,20,46,23,62,3.227272727272727
919,41,22,79,60,31,52,69,82,2.409090909090909
920,30,48,67,38,37,64,47,67,1.9090909090909092
921,62,82,47,62,81,74,72,61,4.318181818181818
922,88,41,52,47,53,26,20,30,1.8181818181818181
923,89,24,70,84,80,82,65,90,4.045454545454546
924,52,57,31,56,79,65,49,35,2.6818181818181817
925,87,31,24,84,45,68,83,83,3.090909090909091
926,45,33,23,35,33,79,70,21,1.1818181818181819
927,27,64,89,20,67,66,72,67,3.0454545454545454
928,26,67,54,36,69,55,72,74,2.8636363636363638
929,37,41,78,65,62,60,73,31,2.5
930,59,46,89,73,57,26,41,46,2.6363636363636362
931,53,36,73,46,88,20,65,62,2.5454545454545454
932,20,43,41,60,90,84,28,46,2.4545454545454546
933,64,72,35,64,24,37,83,39,2.227272727272727
934,84,76,68,77,61,81,24,70,4.545454545454546
935,78,24,86,86,51,52,75,29,2.8636363636363638
936,70,36,75,65,21,42,54,49,2.227272727272727
937,71,64,81,70,36,46,34,26,2.8181818181818183
938,38,31,86,72,56,51,34,41,2.090909090909091
939,23,47,81,91,78,36,39,58,2.590909090909091
940,79,40,71,85,81,78,56,45,3.772727272727273
941,31,29,50,45,91,52,70,61,2.409090909090909
942,24,83,88,40,61,85,59,72,3.5454545454545454
943,44,83,70,32,23,90,79,44,2.5454545454545454
944,48,22,39,44,82,33,91,64,1.8636363636363635
945,21,91,58,43,61,78,41,90,3.272727272727273
946,63,81,44,75,27,31,26,34,2.227272727272727
947,26,73,59,58,65,69,61,63,3.409090909090909
948,29,26,21,57,62,50,23,55,1.7727272727272727
949,52,69,23,81,71,44,79,25,2.8636363636363638
950,57,32,58,59,76,35,50,38,1.9090909090909092
951,65,62,84,82,55,81,57,36,3.6363636363636362
952,54,42,55,26,86,22,62,44,1.8636363636363635
953,71,28,31,24,82,84,85,36,2.272727272727273
954,88,78,29,54,89,67,91,28,3.4545454545454546
955,73,33,61,55,42,87,75,71,3.1818181818181817
956,63,46,24,73,26,90,77,36,2.5
957,20,32,77,25,57,87,71,58,2.1818181818181817
958,33,79,69,36,55,43,35,84,2.5
959,53,87,40,58,88,33,44,90,3.227272727272727
960,76,68,87,76,45,82,74,76,4.409090909090909
961,57,27,38,77,83,68,85,91,3.227272727272727
962,89,75,66,27,67,43,38,62,3.1818181818181817
963,21,72,84,73,24,75,78,73,3.6363636363636362
964,65,66,58,64,79,82,89,31,3.6818181818181817
965,35,52,26,58,71,82,29,24,2.3181818181818183
966,33,87,22,34,90,71,21,82,2.9545454545454546
967,51,51,76,44,83,21,43,28,2.272727272727273
968,24,80,75,39,42,24,58,75,2.3181818181818183
969,68,33,68,53,37,34,39,75,2.0
970,77,24,63,71,72,53,62,55,3.409090909090909
971,55,84,90,90,80,90,65,50,4.409090909090909
972,22,22,23,28,51,55,57,24,0.9545454545454546
973,70,24,76,51,82,28,85,32,2.4545454545454546
974,72,41,88,78,89,45,42,44,3.1363636363636362
975,37,36,66,81,47,43,47,49,1.8181818181818181
976,90,54,49,56,57,55,38,26,2.6363636363636362
977,43,82,79,82,34,89,80,47,3.3636363636363638
978,44,40,41,42,61,39,83,59,1.7272727272727273
979,90,34,56,61,41,66,73,66,2.9545454545454546
980,79,41,74,29,68,58,36,86,2.9545454545454546
981,55,80,63,64,57,41,50,45,3.1818181818181817
982,25,71,84,83,40,73,47,72,3.6363636363636362
983,22,46,58,75,58,69,82,35,2.5
984,73,74,91,74,58,24,33,25,3.1363636363636362
985,65,50,88,62,68,32,84,32,2.8636363636363638
986,64,26,77,30,66,37,56,66,2.227272727272727
987,47,45,91,30,52,25,26,68,2.0454545454545454
988,61,26,47,61,54,77,82,60,3.1363636363636362
989,82,64,30,45,20,37,68,22,1.8636363636363635
990,56,68,68,61,76,90,50,48,3.8181818181818183
991,27,84,73,29,57,75,81,78,3.3636363636363638
992,79,51,86,67,37,91,82,43,3.272727272727273
993,33,21,48,79,24,87,59,51,2.090909090909091
994,64,79,69,71,27,85,76,66,3.9545454545454546
995,28,43,40,56,51,86,71,53,2.409090909090909
996,76,36,83,86,45,80,73,71,3.6818181818181817
997,45,26,25,59,55,83,44,34,1.8181818181818181
998,78,90,86,70,44,49,28,79,3.8181818181818183
999,47,29,37,20,82,68,51,39,1.6363636363636365
1000,43,84,75,33,46,37,87,55,2.409090909090909
1001,62,33,20,38,79,38,21,25,1.2272727272727273
1002,81,69,45,78,51,89,44,83,4.090909090909091
1003,68,58,88,61,36,39,53,33,2.227272727272727
1004,25,60,66,78,49,89,31,22,2.727272727272727
1005,83,88,21,35,45,66,26,79,3.090909090909091
1006,73,39,58,27,60,83,32,48,2.4545454545454546
1007,49,68,60,48,62,51,56,29,2.727272727272727
1008,46,53,38,20,80,91,27,26,2.1818181818181817
1009,90,52,86,37,33,65,40,20,2.272727272727273
1010,36,79,22,33,72,50,81,32,2.227272727272727
1011,25,76,39,48,86,80,35,56,2.9545454545454546
1012,60,53,85,36,91,29,67,23,2.409090909090909
1013,71,61,80,51,90,50,55,58,3.909090909090909
1014,31,41,35,90,83,69,30,53,2.5
1015,83,83,59,65,86,34,58,88,3.909090909090909
1016,80,87,57,84,41,30,23,61,3.227272727272727
1017,48,66,68,72,78,25,86,57,3.3636363636363638
1018,58,86,91,61,79,63,47,69,4.181818181818182
1019,40,34,59,85,38,35,32,45,1.3636363636363635
1020,81,20,68,62,45,25,80,87,2.772727272727273
1021,49,20,72,54,91,42,89,83,2.8636363636363638
1022,35,49,27,26,40,31,57,45,0.9090909090909091
1023,39,31,61,62,39,42,60,37,1.2272727272727273
1024,26,37,53,78,33,88,43,29,1.6818181818181819
1025,49,58,76,25,25,64,24,35,1.8181818181818181
1026,85,55,56,28,79,35,78,29,2.409090909090909
1027,37,66,80,23,50,65,48,24,2.227272727272727
1028,51,69,38,38,25,61,50,24,1.8181818181818181
1029,38,63,44,70,26,80,76,68,2.9545454545454546
1030,59,66,84,46,62,83,32,34,3.090909090909091
1031,46,88,61,31,78,37,67,38,2.409090909090909
1032,91,64,54,29,41,59,66,85,3.090909090909091
1033,84,40,29,36,53,69,89,55,2.4545454545454546
1034,80,42,32,48,44,40,26,78,2.090909090909091
1035,83,48,37,32,78,53,72,45,2.6363636363636362
1036,52,21,55,49,43,68,37,67,2.1818181818181817
1037,79,89,61,37,87,52,57,61,3.727272727272727
1038,74,25,34,76,89,72,82,63,3.5
1039,30,86,69,78,87,30,29,66,3.1818181818181817
1040,54,71,79,88,68,54,33,71,4.090909090909091
1041,20,79,68,40,65,91,55,48,3.0454545454545454
1042,35,55,62,74,24,89,38,43,2.409090909090909
1043,75,50,79,48,69,29,42,89,3.227272727272727
1044,86,45,37,57,38,45,64,78,2.590909090909091
1045,49,65,37,25,22,84,43,46,2.0
1046,81,36,50,33,39,61,44,52,1.9545454545454546
1047,60,40,38,35,90,72,47,28,2.1818181818181817
1048,68,42,33,24,63,28,33,68,1.8181818181818181
1049,77,65,34,32,26,49,38,54,2.090909090909091
1050,59,71,74,64,22,72,24,89,3.6818181818181817
1051,80,88,25,86,35,60,30,48,3.090909090909091
1052,78,45,63,71,45,27,44,80,3.090909090909091
1053,36,79,25,83,59,45,21,86,2.9545454545454546
1054,38,23,25,75,48,63,23,57,1.9090909090909092
1055,21,46,40,30,31,33,31,72,1.1363636363636365
1056,54,63,40,61,84,23,25,29,2.4545454545454546
1057,55,72,69,75,44,40,74,46,3.1363636363636362
1058,73,32,69,39,52,84,23,61,2.6818181818181817
1059,22,29,89,70,88,37,81,69,2.590909090909091
1060,73,20,64,57,79,77,25,58,3.227272727272727
1061,23,45,21,77,56,23,89,65,2.227272727272727
1062,45,56,44,33,35,50,58,69,2.0
1063,81,42,44,29,38,66,63,26,1.6818181818181819
1064,80,40,64,25,24,38,69,28,1.4090909090909092
1065,42,67,45,88,87,60,26,34,2.9545454545454546
1066,89,46,22,56,20,61,86,30,2.227272727272727
1067,40,42,79,65,41,26,62,50,2.0454545454545454
1068,63,34,48,51,86,46,24,49,2.3636363636363638
1069,38,43,57,22,30,65,79,90,1.9090909090909092
1070,74,70,58,64,37,26,76,45,2.909090909090909
1071,45,56,38,90,83,43,36,68,2.8636363636363638
1072,46,87,34,74,86,35,43,58,3.0
1073,36,37,51,32,44,91,44,36,1.1363636363636365
1074,47,83,78,43,24,53,28,60,2.727272727272727
1075,87,86,91,31,36,80,71,58,3.3636363636363638
1076,76,29,63,74,67,63,53,26,2.9545454545454546
1077,49,58,79,88,70,77,38,33,3.3181818181818183
1078,23,70,34,32,61,51,68,30,2.0454545454545454
1079,88,72,66,63,46,50,70,39,3.409090909090909
1080,71,56,34,74,60,44,80,50,3.227272727272727
1081,31,50,46,70,71,65,87,41,3.0
1082,89,84,31,56,61,64,65,88,3.9545454545454546
1083,61,61,37,65,57,85,40,22,2.9545454545454546
1084,90,47,59,36,71,80,56,36,2.8181818181818183
1085,46,43,24,24,43,85,32,49,1.5454545454545454
1086,59,70,77,50,90,78,45,45,3.909090909090909
1087,69,30,85,77,77,58,83,29,3.0
1088,40,84,46,88,53,66,60,55,3.4545454545454546
1089,55,67,38,77,64,87,45,38,3.1363636363636362
1090,25,66,33,56,86,28,85,51,2.4545454545454546
1091,58,45,76,23,23,90,71,64,2.6818181818181817
1092,20,28,62,44,67,77,50,72,2.5454545454545454
1093,29,27,51,78,63,65,46,35,2.1363636363636362
1094,40,84,71,21,33,31,85,89,2.409090909090909
1095,59,31,58,73,64,61,28,61,3.0
1096,68,58,80,65,23,80,57,61,3.4545454545454546
1097,59,53,68,48,90,61,44,65,3.409090909090909
1098,66,57,69,64,21,57,34,79,3.090909090909091
1099,24,68,69,72,42,50,51,34,2.4545454545454546
1100,30,50,56,74,70,73,55,56,3.409090909090909
1101,54,80,49,22,28,76,62,78,3.0454545454545454
1102,84,84,66,40,41,37,35,72,2.909090909090909
1103,66,20,87,77,91,21,42,33,2.409090909090909
1104,50,56,52,72,38,36,47,30,2.0
1105,79,38,30,28,87,59,84,65,2.5454545454545454
1106,89,89,47,64,45,41,30,56,3.1363636363636362
1107,63,23,60,46,44,78,54,55,2.5454545454545454
1108,39,45,58,41,85,58,86,57,2.5
1109,61,21,59,42,67,42,38,25,1.6363636363636365
1110,79,55,80,32,75,65,38,80,3.590909090909091
1111,60,53,63,41,91,90,42,54,3.409090909090909
1112,72,77,38,44,65,29,51,65,2.9545454545454546
1113,76,39,64,39,75,32,67,45,2.1818181818181817
1114,73,71,43,54,29,53,48,44,2.727272727272727
1115,44,20,50,32,68,50,23,35,1.3636363636363635
1116,54,24,49,79,77,70,74,91,3.5454545454545454
1117,79,91,72,82,84,91,83,79,5.0
1118,90,29,28,87,90,44,81,90,3.090909090909091
1119,72,27,56,69,77,31,87,69,2.9545454545454546
1120,82,67,53,76,57,55,83,88,4.090909090909091
1121,80,34,21,63,43,83,90,63,2.8181818181818183
1122,41,40,47,36,34,56,33,49,1.1818181818181819
1123,35,62,80,41,74,72,41,55,3.1363636363636362
1124,83,53,39,80,83,27,47,85,3.3636363636363638
1125,64,84,76,20,38,26,34,84,2.590909090909091
1126,90,90,50,44,91,22,79,25,2.909090909090909
1127,42,38,82,63,25,86,26,40,1.9545454545454546
1128,80,75,52,72,69,29,45,29,3.1818181818181817
1129,67,89,36,20,58,53,59,80,3.090909090909091
1130,83,27,84,64,38,24,67,64,2.409090909090909
1131,28,40,88,25,87,36,60,81,2.1818181818181817
1132,25,87,69,37,60,89,77,24,2.727272727272727
1133,46,37,82,50,33,84,86,50,2.4545454545454546
1134,74,88,58,76,76,65,30,56,4.181818181818182
1135,46,77,31,30,52,35,39,38,1.5909090909090908
1136,37,64,40,32,46,76,39,60,2.3181818181818183
1137,69,58,66,24,46,77,28,21,2.409090909090909
1138,57,56,82,84,27,80,90,75,3.6818181818181817
1139,53,27,80,37,70,25,71,60,2.3181818181818183
1140,80,29,51,83,88,85,59,33,3.1363636363636362
1141,91,33,25,22,27,71,26,82,2.0454545454545454
1142,72,25,68,74,87,43,71,45,3.0454545454545454
1143,39,49,66,59,24,24,22,26,1.1363636363636365
1144,42,23,89,85,76,78,66,46,3.090909090909091
1145,63,31,69,31,68,64,45,62,2.6363636363636362
1146,41,91,38,68,63,52,31,88,3.227272727272727
1147,88,58,51,22,68,32,58,79,2.8636363636363638
1148,86,88,80,89,67,57,80,26,3.909090909090909
1149,84,63,27,20,91,20,65,52,2.6818181818181817
1150,28,65,78,47,34,30,43,40,1.6363636363636365
1151,81,56,23,86,65,35,77,78,3.3636363636363638
1152,22,49,49,33,59,73,58,88,2.4545454545454546
1153,56,27,68,82,79,52,46,30,2.6363636363636362
1154,39,20,20,69,72,21,52,56,1.7727272727272727
1155,88,81,42,59,72,33,64,33,2.9545454545454546
1156,56,64,40,80,24,37,41,65,2.5
1157,49,62,74,68,56,83,64,71,3.9545454545454546
1158,85,88,35,56,25,69,66,91,3.409090909090909
1159,65,44,48,51,64,34,78,57,2.5
1160,70,78,31,50,49,66,80,90,3.727272727272727
1161,34,27,74,78,32,80,32,61,2.3636363636363638
1162,22,79,34,20,22,77,53,53,2.1363636363636362
1163,42,40,72,35,63,68,77,79,2.772727272727273
1164,84,75,72,56,34,25,85,85,3.3636363636363638
1165,65,68,75,30,67,91,68,68,3.6818181818181817
1166,51,49,37,64,32,73,23,56,2.409090909090909
1167,81,26,25,65,79,75,89,56,3.227272727272727
1168,61,65,71,39,46,74,53,88,3.5
1169,81,46,44,33,30,27,74,88,2.0454545454545454
1170,62,85,65,91,23,34,44,40,2.6818181818181817
1171,22,65,73,45,49,25,80,40,2.090909090909091
1172,51,63,35,72,34,23,78,66,2.590909090909091
1173,61,39,76,59,65,70,39,21,2.6363636363636362
1174,85,85,46,65,35,31,65,64,3.0454545454545454
1175,53,86,42,30,60,23,80,35,2.1818181818181817
1176,62,89,72,75,52,44,68,44,3.4545454545454546
1177,69,73,20,86,31,84,41,82,3.5454545454545454
1178,67,74,45,21,26,70,36,35,2.3181818181818183
1179,86,45,59,30,48,83,26,80,2.9545454545454546
1180,55,21,87,28,33,34,77,20,1.0909090909090908
1181,40,65,55,59,72,25,62,75,3.090909090909091
1182,85,20,45,58,89,32,75,30,2.1818181818181817
1183,48,83,77,32,80,44,37,65,3.0
1184,62,48,60,53,50,25,75,26,2.3181818181818183
1185,43,34,28,47,39,45,79,70,1.5909090909090908
1186,47,21,87,84,22,51,36,83,2.5
1187,59,91,76,48,81,56,75,84,4.045454545454546
1188,75,27,29,29,31,81,50,47,1.7727272727272727
1189,50,88,77,45,64,85,24,49,3.5454545454545454
1190,68,26,25,34,54,49,87,91,2.1363636363636362
1191,22,35,84,40,60,90,61,91,2.6818181818181817
1192,34,69,24,38,58,66,38,69,2.227272727272727
1193,52,43,83,51,63,23,62,83,2.8636363636363638
1194,40,22,60,86,29,54,35,42,1.7272727272727273
1195,21,34,39,54,63,78,62,24,1.8181818181818181
1196,79,87,84,61,70,72,72,52,4.590909090909091
1197,27,24,57,55,79,64,27,52,2.3181818181818183
1198,21,37,52,87,64,69,71,54,2.6818181818181817
1199,26,25,37,29,81,38,74,45,1.1818181818181819
1200,53,80,50,61,84,67,70,35,3.590909090909091
1201,58,87,68,65,53,55,76,39,3.272727272727273
1202,46,38,35,33,61,32,79,85,1.7272727272727273
1203,56,60,53,22,74,55,29,69,3.0454545454545454
1204,68,73,37,50,46,80,26,50,3.227272727272727
1205,80,39,41,22,63,20,22,58,1.7272727272727273
1206,55,46,47,44,91,34,78,86,2.6818181818181817
1207,23,75,46,62,37,72,40,59,2.772727272727273
1208,26,89,45,64,73,90,45,76,3.772727272727273
1209,32,90,83,53,91,24,66,31,2.6363636363636362
1210,29,49,86,42,60,28,51,57,2.0454545454545454
1211,89,32,56,64,41,88,67,21,2.5
1212,90,54,45,60,70,83,47,55,3.8181818181818183
1213,26,39,89,79,53,30,86,78,2.4545454545454546
1214,66,67,53,38,34,50,82,46,2.4545454545454546
1215,39,58,71,85,56,70,71,63,3.5454545454545454
1216,42,28,49,24,58,79,51,79,2.227272727272727
1217,31,47,48,57,55,81,84,60,2.8181818181818183
1218,27,38,62,36,79,65,56,36,1.7272727272727273
1219,47,69,76,64,23,20,29,46,2.272727272727273
1220,33,24,59,50,52,43,46,84,2.0
1221,29,23,50,29,29,71,24,32,0.9545454545454546
1222,74,27,81,82,53,83,45,46,3.272727272727273
1223,69,34,52,29,35,74,50,61,2.1818181818181817
1224,83,66,28,42,40,72,41,78,3.090909090909091
1225,86,52,61,74,37,61,50,37,2.9545454545454546
1226,65,32,80,45,84,58,60,60,3.090909090909091
1227,63,90,37,60,90,25,53,38,2.8181818181818183
1228,79,52,23,58,39,81,61,49,2.772727272727273
1229,90,37,33,35,48,40,82,77,2.0
1230,48,25,31,44,88,60,61,78,2.5
1231,65,74,51,69,20,59,33,65,3.227272727272727
1232,74,52,84,78,55,63,78,27,3.5454545454545454
1233,35,73,78,26,69,77,53,30,2.727272727272727
1234,56,35,25,69,69,80,43,44,2.3636363636363638
1235,58,85,79,43,52,30,89,42,2.6818181818181817
1236,22,38,58,67,87,65,59,63,2.727272727272727
1237,33,78,90,58,90,47,83,25,2.9545454545454546
1238,31,85,46,59,53,60,61,85,3.3181818181818183
1239,23,32,54,54,43,52,37,49,1.5
1240,79,32,66,32,58,76,85,29,2.3636363636363638
1241,69,30,67,42,28,59,77,20,1.6818181818181819
1242,54,38,35,46,52,76,27,62,2.3181818181818183
1243,23,67,50,30,45,59,81,88,2.590909090909091
1244,40,36,66,52,48,26,44,85,1.9090909090909092
1245,77,81,52,21,74,34,83,43,2.909090909090909
1246,75,50,54,22,51,47,47,83,2.9545454545454546
1247,48,59,63,21,46,53,84,68,2.6363636363636362
1248,84,73,74,53,76,23,81,41,3.5
1249,91,26,42,36,91,89,89,71,3.0454545454545454
1250,29,60,45,76,87,27,30,80,2.9545454545454546
1251,91,71,51,31,32,56,46,58,2.772727272727273
1252,75,89,52,87,51,67,90,91,4.409090909090909
1253,36,65,85,45,91,37,49,89,2.909090909090909
1254,85,22,72,89,57,68,51,75,3.590909090909091
1255,33,33,38,38,64,71,76,88,2.1363636363636362
1256,56,80,89,86,40,68,63,55,3.727272727272727
1257,34,71,61,58,91,59,45,46,3.1363636363636362
1258,20,81,64,45,80,75,58,31,3.0454545454545454
1259,68,80,36,82,56,82,58,80,4.045454545454546
1260,29,70,55,72,83,39,54,62,3.227272727272727
1261,27,38,31,36,31,84,46,63,1.3181818181818181
1262,72,28,58,69,28,34,79,59,2.1363636363636362
1263,70,68,27,31,53,55,81,21,2.4545454545454546
1264,79,60,43,71,57,52,32,79,3.6818181818181817
1265,34,90,66,40,54,66,36,67,2.909090909090909
1266,58,23,83,56,21,53,21,77,2.3636363636363638
1267,52,21,29,86,61,87,60,55,2.909090909090909
1268,24,72,72,67,91,76,67,87,4.136363636363637
1269,57,83,64,54,33,70,26,87,3.4545454545454546
1270,69,64,61,68,39,26,27,57,2.590909090909091
1271,63,50,48,50,31,49,26,41,2.090909090909091
1272,74,86,23,51,51,73,69,58,3.6818181818181817
1273,37,72,20,69,24,71,31,53,2.5454545454545454
1274,61,39,59,78,67,84,70,80,3.6363636363636362
1275,37,59,82,82,34,69,78,86,3.1363636363636362
1276,79,71,40,75,73,67,26,25,3.590909090909091
1277,39,46,88,69,78,91,74,91,3.6363636363636362
1278,41,70,37,67,78,37,32,88,2.9545454545454546
1279,73,84,80,27,78,34,50,73,3.5454545454545454
1280,78,77,38,64,39,31,32,70,2.8181818181818183
1281,80,91,74,81,32,90,20,77,4.090909090909091
1282,78,63,39,53,65,49,45,61,3.272727272727273
1283,51,35,85,34,25,65,61,82,2.272727272727273
1284,42,41,56,24,82,28,70,24,1.5
1285,55,90,21,39,64,51,63,50,2.8636363636363638
1286,51,73,69,47,45,47,66,77,3.3636363636363638
1287,91,74,42,40,26,41,85,87,2.8636363636363638
1288,79,56,87,48,63,91,80,78,4.090909090909091
1289,87,38,79,75,37,63,66,36,2.5454545454545454
1290,81,36,79,57,47,21,69,36,2.0
1291,23,63,31,84,31,72,55,87,2.909090909090909
1292,48,76,42,77,29,87,27,91,3.3181818181818183
1293,70,26,26,54,56,68,69,54,2.6363636363636362
1294,25,71,74,48,21,88,62,44,2.6363636363636362
1295,30,29,60,26,90,90,71,53,2.3636363636363638
1296,83,57,89,44,36,57,68,61,2.9545454545454546
1297,21,28,76,72,69,91,46,22,2.4545454545454546
1298,89,75,88,75,43,26,70,66,3.6363636363636362
1299,78,73,43,47,31,40,30,85,2.772727272727273
1300,84,45,47,60,23,71,79,65,3.227272727272727
1301,33,89,29,83,20,20,22,30,1.5909090909090908
1302,52,37,76,31,22,89,42,67,2.1363636363636362
1303,91,82,54,79,34,52,66,60,3.6818181818181817
1304,50,31,30,73,25,49,79,63,2.1363636363636362
1305,72,52,27,26,37,71,87,60,2.6818181818181817
1306,51,56,91,20,31,69,48,50,2.4545454545454546
1307,89,34,64,42,78,40,60,30,2.1818181818181817
1308,50,77,46,61,44,47,38,42,2.590909090909091
1309,51,89,66,88,56,25,48,39,2.8636363636363638
1310,22,28,59,25,29,82,78,63,1.7272727272727273
1311,48,81,58,77,38,62,35,74,3.3636363636363638
1312,45,25,83,44,25,21,89,24,1.0909090909090908
1313,27,41,38,91,75,75,39,66,2.772727272727273
1314,22,43,86,26,53,22,59,84,1.8636363636363635
1315,42,85,24,28,66,30,59,59,2.1363636363636362
1316,44,60,25,26,49,72,89,54,2.4545454545454546
1317,22,32,70,39,84,70,28,54,2.227272727272727
1318,77,68,36,21,78,79,36,68,3.3181818181818183
1319,47,74,64,35,65,68,22,82,3.3181818181818183
1320,24,67,80,67,76,64,48,39,3.0454545454545454
1321,49,74,56,58,41,32,55,69,2.6818181818181817
1322,60,60,49,83,49,76,34,76,3.772727272727273
1323,29,78,63,40,48,26,39,61,2.227272727272727
1324,25,26,30,90,60,42,26,82,2.0454545454545454
1325,48,39,79,77,85,76,48,36,2.8636363636363638
1326,54,82,26,64,48,40,35,49,2.5454545454545454
1327,79,50,40,52,53,29,72,48,2.6363636363636362
1328,47,83,88,66,54,91,34,55,3.6818181818181817
1329,74,67,69,73,55,76,88,21,3.772727272727273
1330,21,33,68,55,46,90,66,42,2.0454545454545454
1331,43,32,84,23,74,84,82,76,2.8636363636363638
1332,91,37,52,58,25,42,84,65,2.272727272727273
1333,72,67,31,69,28,53,55,27,2.5
1334,65,53,59,31,84,59,39,51,2.8636363636363638
1335,38,59,37,62,25,71,78,24,2.0
1336,58,79,20,26,70,73,51,76,3.5
1337,20,67,38,68,64,65,79,35,2.590909090909091
1338,32,32,38,28,63,57,43,64,1.5454545454545454
1339,29,29,32,49,54,78,40,69,1.9545454545454546
1340,56,68,49,45,76,60,26,55,3.227272727272727
1341,87,41,79,24,65,39,85,53,2.5
1342,80,65,69,20,28,27,54,46,2.1818181818181817
1343,31,25,62,88,78,76,61,60,3.1363636363636362
1344,59,44,62,36,83,38,27,30,1.6363636363636365
1345,82,27,73,84,33,77,67,64,3.227272727272727
1346,73,78,75,69,49,91,60,70,4.409090909090909
1347,61,66,81,91,45,34,42,63,3.272727272727273
1348,54,53,87,65,87,31,71,77,3.5454545454545454
1349,80,30,29,72,56,30,33,71,2.4545454545454546
1350,56,25,86,39,64,44,62,53,2.1363636363636362
1351,22,31,64,41,84,60,88,72,2.6363636363636362
1352,66,56,64,26,66,23,44,83,2.727272727272727
1353,84,35,34,37,23,30,84,27,0.9090909090909091
1354,24,37,65,69,90,25,67,61,2.3181818181818183
1355,38,27,56,72,70,54,71,90,2.9545454545454546
1356,57,71,50,74,28,30,43,30,2.3181818181818183
1357,34,82,24,52,59,73,47,32,2.5
1358,52,76,88,88,44,79,64,32,3.4545454545454546
1359,28,55,26,29,47,70,23,50,1.9090909090909092
1360,67,88,73,22,86,38,83,79,3.5
1361,48,79,87,56,80,83,37,69,3.9545454545454546
1362,29,41,47,83,73,46,33,73,2.6818181818181817
1363,59,21,85,87,74,35,59,36,2.3636363636363638
1364,33,41,59,27,44,22,82,72,1.5
1365,85,56,41,59,79,68,41,47,3.272727272727273
1366,77,88,60,58,90,90,42,25,3.772727272727273
1367,75,38,59,76,40,72,40,68,3.0454545454545454
1368,20,42,57,61,59,25,76,77,2.3181818181818183
1369,55,55,31,26,41,62,57,74,2.4545454545454546
1370,41,21,77,71,54,90,39,20,2.3636363636363638
1371,28,49,84,87,30,65,45,20,2.1363636363636362
1372,71,87,88,32,45,88,61,50,3.590909090909091
1373,40,30,55,48,75,69,52,56,2.4545454545454546
1374,27,78,30,70,67,26,52,53,2.6818181818181817
1375,55,79,71,49,52,36,75,51,3.090909090909091
1376,65,71,28,24,65,38,38,65,2.5454545454545454
1377,60,60,74,31,54,52,23,44,2.6818181818181817
1378,71,73,54,90,74,48,38,59,3.909090909090909
1379,75,23,33,91,38,42,79,67,2.272727272727273
1380,38,26,64,76,66,68,20,28,2.1363636363636362
1381,69,41,84,25,48,44,48,27,1.6818181818181819
1382,65,86,44,85,68,39,70,72,3.6818181818181817
1383,75,49,29,73,84,68,63,39,3.1363636363636362
1384,84,56,31,80,29,85,87,21,2.8181818181818183
1385,74,22,27,30,55,35,63,36,1.2727272727272727
1386,63,71,49,87,43,91,27,78,3.8181818181818183
1387,75,82,78,76,37,76,28,69,3.9545454545454546
1388,49,37,27,28,31,56,26,74,1.3636363636363635
1389,34,24,88,60,49,57,68,44,2.0
1390,62,80,73,74,43,57,35,70,3.8181818181818183
1391,70,78,39,82,39,54,23,69,3.227272727272727
1392,62,76,71,73,61,28,77,79,4.045454545454546
1393,38,24,45,54,82,35,63,80,2.1363636363636362
1394,40,70,87,59,75,81,32,59,3.6818181818181817
1395,87,80,56,48,55,77,48,64,3.8636363636363638
1396,60,42,59,73,44,76,57,61,3.1818181818181817
1397,80,31,91,32,69,73,73,31,2.590909090909091
1398,68,38,20,62,85,67,70,67,3.090909090909091
1399,91,66,29,75,53,47,42,69,3.3636363636363638
1400,56,76,55,57,33,69,54,71,3.3636363636363638
1401,58,29,31,65,32,64,41,23,1.5454545454545454
1402,25,31,21,44,24,25,81,25,0.36363636363636365
1403,32,44,68,80,80,34,27,75,2.590909090909091
1404,45,85,42,39,29,35,52,41,1.5454545454545454
1405,29,37,30,90,75,72,72,32,2.272727272727273
1406,61,72,75,83,28,22,66,81,3.4545454545454546
1407,24,85,63,59,66,70,80,73,3.8181818181818183
1408,76,31,28,88,75,33,79,57,2.6818181818181817
1409,83,22,41,43,38,81,58,55,2.1363636363636362
1410,43,30,41,50,64,33,72,77,2.090909090909091
1411,63,43,55,66,82,82,83,23,3.1363636363636362
1412,41,32,51,64,77,30,25,48,1.9090909090909092
1413,21,48,25,23,81,72,52,64,2.409090909090909
1414,43,77,64,45,27,62,44,55,2.6818181818181817
1415,54,69,89,44,29,90,71,22,2.6363636363636362
1416,45,22,55,52,77,60,34,35,2.1818181818181817
1417,80,78,74,68,88,81,45,64,4.590909090909091
1418,23,73,33,61,89,66,20,45,2.9545454545454546
1419,49,67,28,60,68,55,79,62,3.272727272727273
1420,44,66,68,33,76,70,49,55,3.090909090909091
1421,61,50,46,29,31,51,33,65,2.227272727272727
1422,39,90,41,45,43,81,73,53,2.727272727272727
1423,40,86,42,68,22,32,27,49,1.9545454545454546
1424,22,81,50,81,55,41,22,76,3.090909090909091
1425,50,47,69,23,86,84,78,82,3.409090909090909
1426,86,33,32,69,61,49,88,83,2.9545454545454546
1427,43,46,48,77,32,68,89,23,2.1363636363636362
1428,38,73,85,78,83,65,76,29,3.5
1429,78,86,73,25,67,78,86,47,3.772727272727273
1430,38,29,58,56,75,87,55,23,2.1818181818181817
1431,70,23,56,85,45,27,67,53,2.5
1432,82,86,69,54,71,23,65,46,3.5
1433,38,35,67,72,39,39,38,52,1.4545454545454546
1434,32,91,42,28,52,37,75,53,2.0454545454545454
1435,36,68,70,70,25,27,83,36,2.090909090909091
1436,44,64,49,22,49,82,59,29,2.1363636363636362
1437,42,52,86,26,34,60,51,34,1.8181818181818181
1438,30,75,28,52,86,63,84,77,3.4545454545454546
1439,23,77,29,46,51,46,26,62,2.409090909090909
1440,86,69,40,31,23,47,66,47,2.227272727272727
1441,40,60,43,80,31,48,59,67,2.590909090909091
1442,46,41,34,50,39,22,31,29,0.8636363636363636
1443,70,27,23,25,61,90,51,32,2.0454545454545454
1444,47,77,83,68,55,43,32,76,3.409090909090909
1445,41,71,70,84,87,75,33,67,4.090909090909091
1446,29,52,77,50,51,40,91,87,2.8636363636363638
1447,81,23,28,56,33,77,82,84,2.6818181818181817
1448,53,25,32,88,25,48,74,20,1.5909090909090908
1449,44,88,51,57,78,54,47,34,2.909090909090909
1450,85,51,35,83,85,50,91,54,3.6363636363636362
1451,32,88,24,65,27,28,65,46,1.9090909090909092
1452,70,32,48,89,36,65,75,45,2.590909090909091
1453,53,31,69,50,73,51,31,74,2.9545454545454546
1454,66,44,69,22,90,58,87,85,3.090909090909091
1455,75,77,27,45,51,34,26,82,2.9545454545454546
1456,36,26,77,37,51,81,62,83,2.409090909090909
1457,89,25,82,66,44,82,65,83,3.3636363636363638
1458,46,33,22,21,77,86,32,45,1.9090909090909092
1459,88,82,26,32,62,71,84,61,3.590909090909091
1460,34,67,89,42,73,67,45,29,2.6363636363636362
1461,73,39,90,83,28,44,24,34,1.9545454545454546
1462,30,50,77,80,84,80,63,71,3.909090909090909
1463,85,59,70,63,52,78,62,70,4.181818181818182
1464,64,87,39,82,59,20,58,69,3.227272727272727
1465,66,38,82,80,33,69,68,54,2.8181818181818183
1466,89,78,71,67,58,37,44,67,3.590909090909091
1467,41,58,81,28,25,82,88,72,2.727272727272727
1468,76,35,58,46,65,57,25,25,2.1818181818181817
1469,50,23,35,24,73,36,23,82,1.7727272727272727
1470,53,40,75,57,54,69,43,31,2.4545454545454546
1471,38,20,24,43,50,43,88,35,0.9090909090909091
1472,36,37,28,25,48,57,49,76,1.4545454545454546
1473,61,48,68,61,48,23,30,31,2.090909090909091
1474,24,90,47,46,77,43,39,75,2.8636363636363638
1475,69,71,27,27,50,29,89,86,2.772727272727273
1476,22,50,29,28,65,90,53,70,2.590909090909091
1477,75,60,55,47,71,45,91,32,3.1363636363636362
1478,78,64,91,74,82,29,26,70,3.909090909090909
1479,75,53,77,56,32,64,26,33,2.6363636363636362
1480,89,28,54,57,64,45,52,43,2.4545454545454546
1481,72,82,25,68,85,64,27,33,3.3636363636363638
1482,85,41,24,41,36,32,39,80,1.6818181818181819
1483,20,30,22,90,87,65,46,55,2.409090909090909
1484,88,40,75,46,29,91,81,20,2.5
1485,30,58,66,57,29,50,85,60,2.5
1486,47,76,37,43,65,25,78,45,2.3636363636363638
1487,43,20,45,42,91,81,67,57,2.409090909090909
1488,80,34,41,83,68,39,91,27,2.227272727272727
1489,33,79,40,30,26,22,89,88,1.9090909090909092
1490,60,36,86,46,82,45,53,34,2.3636363636363638
1491,54,65,32,31,81,65,24,66,2.909090909090909
1492,76,48,31,28,54,32,80,23,1.6818181818181819
1493,67,32,20,57,70,24,61,31,1.8181818181818181
1494,37,62,74,91,55,78,69,74,3.8181818181818183
1495,91,40,40,68,34,38,86,65,2.272727272727273
1496,61,56,41,48,66,48,46,26,2.3636363636363638
1497,36,42,79,39,76,48,38,82,2.272727272727273
1498,26,42,53,35,60,34,35,83,1.6818181818181819
1499,36,28,64,79,20,62,59,46,2.0
1500,26,50,78,59,38,72,35,22,2.090909090909091
1501,58,44,80,52,74,38,28,21,2.1363636363636362
1502,90,45,56,32,23,49,44,45,1.9090909090909092
1503,24,85,61,57,60,28,83,26,2.4545454545454546
1504,37,53,69,84,53,79,40,48,3.0
1505,80,70,23,45,90,59,85,58,3.590909090909091
1506,57,68,57,73,38,33,23,27,2.090909090909091
1507,91,62,56,77,82,24,33,32,3.0454545454545454
1508,41,38,90,58,56,43,35,90,2.227272727272727
1509,59,41,77,79,22,68,21,37,2.272727272727273
1510,22,64,90,67,32,84,64,38,2.590909090909091
1511,75,35,43,42,52,34,57,26,1.4545454545454546
1512,71,61,78,37,28,87,68,81,3.409090909090909
1513,33,61,55,66,20,37,78,62,2.3181818181818183
1514,57,89,52,67,89,22,66,22,3.0
1515,20,63,82,48,27,39,75,38,1.6818181818181819
1516,29,86,32,81,38,53,31,64,2.5454545454545454
1517,65,35,52,26,71,35,68,65,2.227272727272727
1518,26,39,33,75,41,41,85,59,1.5909090909090908
1519,34,91,89,54,42,56,56,35,2.4545454545454546
1520,23,41,62,49,62,49,39,21,1.6363636363636365
1521,28,63,81,39,79,33,22,84,2.5454545454545454
1522,90,27,87,74,54,26,36,53,2.6363636363636362
1523,44,52,59,84,40,64,55,31,2.4545454545454546
1524,41,51,69,81,77,25,48,58,2.909090909090909
1525,71,85,75,45,39,31,57,31,2.4545454545454546
1526,40,20,43,60,30,49,82,56,1.6818181818181819
1527,34,44,90,69,56,46,91,75,2.772727272727273
1528,65,54,38,89,90,38,50,37,2.590909090909091
1529,78,82,85,59,66,77,85,88,4.590909090909091
1530,53,24,88,89,70,81,88,51,3.5454545454545454
1531,84,86,81,82,24,59,43,68,3.727272727272727
1532,56,64,47,45,43,47,74,33,2.227272727272727
1533,91,88,24,48,21,46,60,51,2.727272727272727
1534,83,34,68,73,78,74,72,29,3.3181818181818183
1535,63,62,40,46,91,68,64,32,3.0454545454545454
1536,54,87,45,71,88,36,79,21,3.090909090909091
1537,26,83,69,65,80,20,24,78,3.1818181818181817
1538,65,83,29,64,43,20,33,28,2.1363636363636362
1539,35,22,45,56,43,65,58,54,1.8181818181818181
1540,56,29,78,82,44,29,42,47,2.0
1541,80,84,40,20,39,36,28,72,2.3636363636363638
1542,64,50,73,26,64,86,87,57,3.409090909090909
1543,39,66,26,83,57,41,81,27,2.1818181818181817
1544,29,60,79,90,39,66,48,32,2.5
1545,33,22,83,77,35,52,46,91,2.3181818181818183
1546,53,85,22,88,57,76,43,43,3.272727272727273
1547,31,69,68,59,27,54,38,24,1.9090909090909092
1548,50,24,43,31,69,75,61,42,2.0454545454545454
1549,89,30,49,66,28,90,62,85,2.9545454545454546
1550,57,70,21,41,58,70,34,63,3.090909090909091
1551,37,86,76,61,46,29,54,87,3.0
1552,80,53,58,85,42,23,45,69,2.9545454545454546
1553,32,85,25,22,41,30,62,77,1.9090909090909092
1554,87,86,25,24,46,84,88,81,3.4545454545454546
1555,57,31,36,46,79,34,57,74,2.1818181818181817
1556,86,22,72,37,64,28,68,68,2.409090909090909
1557,76,90,31,75,71,73,83,75,4.545454545454546
1558,84,56,52,58,23,46,88,22,2.409090909090909
1559,75,86,42,67,34,35,60,78,3.090909090909091
1560,42,62,79,48,24,48,32,58,2.272727272727273
1561,62,53,29,76,23,86,42,69,3.0454545454545454
1562,41,89,40,65,47,45,23,53,2.6363636363636362
1563,91,37,42,31,65,73,89,53,2.6363636363636362
1564,69,84,49,83,53,68,73,89,4.181818181818182
1565,57,79,27,91,91,68,36,36,3.227272727272727
1566,28,75,71,52,54,62,82,75,3.6363636363636362
1567,38,91,79,64,62,61,51,45,3.409090909090909
1568,41,24,46,42,72,36,68,79,2.0
1569,66,88,50,82,37,60,82,50,3.590909090909091
1570,66,24,39,72,24,83,27,75,2.590909090909091
1571,77,26,38,89,20,80,55,52,2.590909090909091
1572,78,34,69,31,90,56,45,23,2.227272727272727
1573,22,61,91,73,86,54,76,26,3.1818181818181817
1574,66,87,39,68,91,91,62,58,3.9545454545454546
1575,74,60,31,75,90,21,77,25,3.0
1576,56,77,64,84,63,22,50,22,3.0454545454545454
1577,55,47,36,29,32,21,83,54,1.4090909090909092
1578,33,89,46,36,67,50,82,91,2.9545454545454546
1579,56,58,78,76,29,42,25,21,2.227272727272727
1580,65,50,73,85,64,50,52,87,4.0
1581,40,79,83,45,83,84,20,76,3.8181818181818183
1582,53,38,78,70,30,88,33,56,2.6363636363636362
1583,81,62,20,58,55,45,69,71,3.3636363636363638
1584,26,34,73,30,60,21,69,31,1.1818181818181819
1585,53,82,79,89,77,67,83,76,4.590909090909091
1586,20,77,68,37,54,72,68,75,3.227272727272727
1587,63,87,87,69,28,63,88,26,3.227272727272727
1588,79,29,45,26,68,22,24,71,2.090909090909091
1589,20,44,49,58,23,79,53,75,2.272727272727273
1590,39,40,79,33,87,22,27,73,2.0
1591,69,67,91,51,21,25,27,59,2.5454545454545454
1592,81,22,25,31,48,84,35,43,1.7727272727272727
1593,61,37,58,90,67,58,52,73,3.272727272727273
1594,45,20,40,35,60,85,78,34,1.8181818181818181
1595,33,42,89,41,68,89,29,60,2.5454545454545454
1596,82,90,25,78,27,29,52,31,2.409090909090909
1597,77,34,85,40,32,36,85,50,1.9090909090909092
1598,43,64,60,45,39,55,20,78,2.590909090909091
1599,40,91,38,86,26,70,84,70,3.3181818181818183
1600,55,65,83,29,52,71,73,40,3.0454545454545454
1601,30,50,87,45,60,50,24,81,2.909090909090909
1602,28,23,75,86,44,43,47,33,1.5
1603,80,85,43,44,42,89,87,33,2.8636363636363638
1604,26,25,39,56,88,69,71,33,1.8636363636363635
1605,70,41,46,68,74,50,89,78,3.590909090909091
1606,40,29,48,27,61,81,84,51,2.1818181818181817
1607,59,71,47,41,34,82,79,61,3.090909090909091
1608,47,51,38,51,91,82,32,58,3.0
1609,64,32,42,79,41,85,49,21,2.227272727272727
1610,80,76,89,33,20,25,89,58,2.6818181818181817
1611,20,58,61,80,21,82,31,80,2.9545454545454546
1612,31,44,64,28,40,34,52,75,1.5
1613,79,57,58,53,57,37,80,65,3.090909090909091
1614,90,68,35,52,91,38,55,42,2.772727272727273
1615,63,44,84,76,49,49,35,60,2.9545454545454546
1616,69,32,85,58,49,85,53,57,2.909090909090909
1617,85,63,44,50,49,47,26,60,3.0
1618,44,81,80,36,38,48,33,24,1.7727272727272727
1619,88,76,32,25,72,20,83,69,3.0454545454545454
1620,67,47,64,62,39,41,37,42,2.090909090909091
1621,47,39,40,49,29,73,62,61,2.0454545454545454
1622,53,64,85,47,49,83,57,66,3.5
1623,27,56,55,44,29,55,71,57,2.0
1624,89,65,67,21,74,22,87,38,2.6818181818181817
1625,23,23,89,33,29,89,82,75,2.0454545454545454
1626,73,77,32,54,87,42,37,50,3.227272727272727
1627,67,80,44,22,76,29,59,61,2.909090909090909
1628,42,57,52,73,78,66,69,26,3.0454545454545454
1629,76,44,77,34,25,89,40,59,2.4545454545454546
1630,49,51,26,21,62,54,85,81,2.6818181818181817
1631,79,46,20,85,63,20,59,56,2.8181818181818183
1632,74,69,23,38,24,50,43,38,1.8636363636363635
1633,59,82,71,76,44,88,64,40,3.590909090909091
1634,54,39,64,76,67,64,49,41,2.772727272727273
1635,69,32,56,71,91,78,83,61,3.6363636363636362
1636,85,49,64,44,70,35,31,84,2.909090909090909
1637,52,68,84,44,38,61,25,27,2.272727272727273
1638,66,23,74,86,27,77,81,74,3.272727272727273
1639,62,60,33,81,52,55,33,82,3.4545454545454546
1640,57,20,76,83,45,37,75,43,2.1818181818181817
1641,79,89,35,60,48,61,61,75,3.8181818181818183
1642,64,70,23,72,34,85,52,21,2.9545454545454546
1643,74,21,29,90,33,82,51,73,2.8636363636363638
1644,58,28,33,43,21,48,78,31,1.0454545454545454
1645,84,76,68,83,80,70,68,55,4.590909090909091
1646,59,82,70,87,83,51,44,67,4.136363636363637
1647,82,52,90,42,41,83,36,64,3.1818181818181817
1648,85,58,43,51,60,91,36,40,3.090909090909091
1649,34,53,35,91,75,68,79,56,3.090909090909091
1650,37,41,44,66,70,67,86,53,2.6818181818181817
1651,52,21,35,23,88,85,26,70,2.4545454545454546
1652,25,33,74,32,84,24,33,78,1.8181818181818181
1653,36,21,36,82,47,45,48,40,1.4545454545454546
1654,66,24,73,84,30,74,79,61,3.1363636363636362
1655,33,29,40,25,84,29,70,61,1.5454545454545454
1656,65,54,40,65,83,88,27,25,3.090909090909091
1657,30,79,22,29,41,55,75,78,2.3636363636363638
1658,72,91,70,40,20,47,29,45,2.727272727272727
1659,37,61,75,58,47,28,77,57,2.5
1660,64,52,81,61,78,61,68,29,3.5
1661,59,66,88,72,24,26,39,52,2.6818181818181817
1662,26,62,27,49,33,50,52,31,1.5454545454545454
1663,78,54,62,66,86,27,58,63,3.5
1664,23,51,64,72,21,50,44,72,2.727272727272727
1665,73,74,44,28,72,40,76,70,3.409090909090909
1666,23,84,34,88,47,32,54,49,2.272727272727273
1667,52,78,33,74,72,52,82,34,3.3181818181818183
1668,55,85,25,61,79,68,89,31,3.3181818181818183
1669,91,49,78,45,73,61,23,27,3.0
1670,85,41,52,65,42,63,79,78,3.272727272727273
1671,28,25,54,90,77,75,72,66,3.090909090909091
1672,21,31,89,63,91,56,75,23,2.3181818181818183
1673,52,76,61,65,83,59,31,55,3.727272727272727
1674,23,39,82,89,23,46,27,50,1.8181818181818181
1675,69,70,82,61,90,50,88,73,4.454545454545454
1676,77,60,31,67,35,75,40,88,3.3636363636363638
1677,90,30,26,50,22,70,88,56,2.409090909090909
1678,27,82,66,75,89,87,33,72,4.0
1679,65,82,87,56,28,39,71,80,3.227272727272727
1680,86,83,76,86,63,27,62,37,3.4545454545454546
1681,82,42,71,43,63,26,50,47,2.409090909090909
1682,32,43,22,67,46,85,54,61,2.3636363636363638
1683,82,46,23,60,49,24,60,37,2.0454545454545454
1684,52,72,62,71,67,53,60,69,4.045454545454546
1685,38,54,60,24,35,79,28,65,2.1363636363636362
1686,66,88,78,67,40,48,67,73,3.727272727272727
1687,89,70,74,39,40,73,89,62,3.6363636363636362
1688,35,58,59,71,74,37,81,69,2.9545454545454546
1689,80,28,57,58,36,74,51,21,2.1818181818181817
1690,76,22,25,51,59,88,20,49,2.4545454545454546
1691,35,34,40,35,79,87,77,53,2.090909090909091
1692,30,85,50,26,61,83,55,86,3.227272727272727
1693,58,55,58,21,20,54,67,30,1.8181818181818181
1694,79,54,37,91,57,85,62,57,3.590909090909091
1695,55,72,37,20,36,53,66,78,2.590909090909091
1696,46,56,22,24,47,52,64,26,1.6818181818181819
1697,32,21,54,68,24,80,44,27,1.5454545454545454
1698,84,83,21,31,70,68,65,66,3.5454545454545454
1699,39,68,83,44,29,49,57,69,2.272727272727273
1700,39,57,57,90,31,86,58,53,2.727272727272727
1701,51,24,64,69,28,73,89,74,2.909090909090909
1702,89,72,39,24,26,37,38,36,1.5909090909090908
1703,58,86,31,51,26,31,24,85,2.409090909090909
1704,28,30,63,20,39,24,55,69,1.0454545454545454
1705,35,30,21,33,43,66,63,81,1.5454545454545454
1706,31,69,68,59,78,57,89,90,3.5
1707,57,34,33,53,82,22,82,32,1.7272727272727273
1708,68,85,44,59,48,28,52,36,2.3636363636363638
1709,29,36,23,87,25,75,29,77,2.0454545454545454
1710,46,77,68,43,61,41,38,64,2.909090909090909
1711,41,64,41,67,64,36,39,22,2.0454545454545454
1712,35,80,55,82,67,64,87,71,3.8636363636363638
1713,36,23,62,56,78,24,66,86,2.3181818181818183
1714,65,50,26,54,33,44,72,61,2.409090909090909
1715,77,20,57,67,26,48,48,86,2.5454545454545454
1716,76,26,68,61,58,89,77,71,3.590909090909091
1717,44,51,29,82,70,38,61,24,2.227272727272727
1718,89,39,91,89,58,87,39,89,3.590909090909091
1719,50,58,67,78,21,45,39,48,2.5454545454545454
1720,58,91,39,21,87,67,52,32,2.6818181818181817
1721,58,74,46,68,36,25,26,89,2.727272727272727
1722,33,30,68,23,86,91,83,36,1.9545454545454546
1723,72,67,23,28,46,61,82,81,3.1363636363636362
1724,43,80,69,72,77,57,48,89,3.9545454545454546
1725,88,38,28,26,37,71,44,56,1.8181818181818181
1726,41,43,50,44,89,45,90,61,2.4545454545454546
1727,40,43,89,83,64,36,88,90,2.909090909090909
1728,85,22,46,65,49,83,76,83,3.272727272727273
1729,33,71,66,31,81,47,64,61,2.9545454545454546
1730,34,76,69,39,33,46,75,36,1.7727272727272727
1731,60,38,25,55,55,67,35,48,2.1818181818181817
1732,50,20,21,78,49,37,54,32,1.5
1733,62,81,24,87,61,40,32,48,3.090909090909091
1734,83,29,58,47,87,36,27,43,2.0454545454545454
1735,76,37,71,47,59,72,29,49,2.772727272727273
1736,79,58,59,30,89,90,20,30,2.8636363636363638
1737,79,79,84,87,66,79,20,28,3.9545454545454546
1738,48,20,53,65,33,34,25,35,1.0909090909090908
1739,51,75,73,68,83,42,66,21,3.3181818181818183
1740,84,34,85,43,48,88,33,48,2.5
1741,54,91,90,82,40,69,34,71,3.8181818181818183
1742,74,30,30,48,45,50,54,41,1.9090909090909092
1743,67,54,78,91,89,71,74,72,4.5
1744,53,56,84,70,73,58,43,45,3.5
1745,82,26,44,35,73,87,49,82,2.909090909090909
1746,86,48,60,35,55,78,87,66,3.272727272727273
1747,42,36,34,64,59,65,53,66,2.3181818181818183
1748,83,28,29,80,52,53,44,44,2.3636363636363638
1749,62,36,88,39,28,56,51,32,1.5454545454545454
1750,36,65,88,76,74,69,76,61,3.8636363636363638
1751,21,38,29,61,54,68,29,53,1.9090909090909092
1752,44,42,28,85,34,88,49,72,2.4545454545454546
1753,90,70,50,88,74,70,88,23,4.136363636363637
1754,53,73,63,55,20,43,60,69,2.9545454545454546
1755,74,69,48,65,67,39,78,86,3.590909090909091
1756,54,71,22,79,77,31,29,52,3.090909090909091
1757,48,35,64,20,82,22,33,43,1.4545454545454546
1758,75,69,40,59,79,76,21,38,3.272727272727273
1759,44,28,57,56,83,21,63,45,1.9545454545454546
1760,86,43,55,56,73,69,37,24,2.772727272727273
1761,37,63,22,27,63,57,87,81,2.590909090909091
1762,54,22,25,43,88,42,20,54,1.7727272727272727
1763,85,40,63,40,90,85,25,33,2.727272727272727
1764,26,32,52,30,58,59,65,89,1.9545454545454546
1765,41,29,69,69,72,42,66,50,2.4545454545454546
1766,67,32,61,30,31,56,24,57,1.7272727272727273
1767,88,69,90,43,32,22,70,42,2.3636363636363638
1768,55,40,78,58,87,89,44,72,3.5454545454545454
1769,59,70,21,64,46,48,80,69,3.1818181818181817
1770,82,29,39,63,62,31,47,35,1.8636363636363635
1771,84,25,76,90,34,87,68,25,2.6818181818181817
1772,84,88,65,41,42,26,67,62,2.9545454545454546
1773,49,56,68,58,86,76,43,43,3.1363636363636362
1774,55,61,22,86,49,55,74,70,3.409090909090909
1775,29,65,87,53,78,74,22,69,3.5
1776,60,47,73,43,63,73,20,59,3.1363636363636362
1777,74,51,71,76,63,33,55,67,3.590909090909091
1778,38,39,33,91,26,71,26,51,1.7727272727272727
1779,71,31,21,32,27,20,87,63,1.4545454545454546
1780,89,56,61,28,31,43,74,69,2.5
1781,51,88,69,24,20,39,83,51,2.3181818181818183
1782,59,53,49,83,51,32,84,39,2.4545454545454546
1783,52,88,64,78,21,77,67,78,3.909090909090909
1784,31,72,87,76,68,91,76,78,4.181818181818182
1785,62,57,88,35,63,46,68,24,2.5454545454545454
1786,69,39,54,87,53,33,68,61,2.6363636363636362
1787,22,69,65,49,51,33,42,52,2.227272727272727
1788,38,81,24,25,80,78,29,32,2.272727272727273
1789,68,39,44,81,30,61,46,48,2.227272727272727
1790,80,66,34,78,65,42,83,90,3.6818181818181817
1791,74,82,89,28,77,24,90,51,3.3636363636363638
1792,31,59,30,61,85,85,39,82,3.1363636363636362
1793,80,34,20,70,64,60,60,70,3.3181818181818183
1794,38,60,49,79,30,57,89,35,2.227272727272727
1795,82,50,58,65,79,75,80,86,4.318181818181818
1796,43,60,29,26,46,73,64,35,2.0
1797,38,21,63,69,59,74,89,54,2.6363636363636362
1798,34,56,75,69,88,33,31,45,2.5
1799,66,32,46,24,45,91,58,58,2.227272727272727
1800,45,67,69,28,83,38,36,88,2.727272727272727
1801,20,58,56,43,91,45,85,74,2.8181818181818183
1802,36,74,85,86,87,88,28,45,3.6818181818181817
1803,64,55,85,77,40,87,82,72,3.9545454545454546
1804,51,90,29,45,53,74,42,91,3.409090909090909
1805,55,43,27,21,30,26,73,63,1.3636363636363635
1806,84,25,90,77,90,21,76,59,3.1363636363636362
1807,39,78,56,35,23,90,47,22,1.9545454545454546
1808,82,51,85,80,87,31,61,50,3.6363636363636362
1809,34,42,50,58,65,46,77,50,2.3181818181818183
1810,67,90,89,77,24,25,76,22,2.8181818181818183
1811,73,54,81,22,29,45,62,65,2.6818181818181817
1812,34,43,40,35,40,69,29,24,0.9545454545454546
1813,63,41,68,28,39,56,88,32,1.7272727272727273
1814,34,86,66,79,39,63,39,67,3.0454545454545454
1815,75,20,25,80,25,28,91,23,1.5909090909090908
1816,66,47,89,69,37,34,78,44,2.272727272727273
1817,36,29,33,42,63,53,44,66,1.6818181818181819
1818,65,81,59,69,42,34,31,76,3.090909090909091
1819,75,74,74,45,48,85,56,72,4.090909090909091
1820,84,46,85,31,29,56,81,52,2.5454545454545454
1821,76,67,87,67,58,65,85,31,3.590909090909091
1822,49,28,62,72,91,41,47,51,2.6363636363636362
1823,35,78,77,22,39,84,23,75,2.727272727272727
1824,33,20,89,21,39,56,23,64,1.4090909090909092
1825,33,61,49,24,47,55,54,84,2.409090909090909
1826,30,25,65,22,61,80,76,46,2.090909090909091
1827,59,79,78,65,38,57,53,66,3.409090909090909
1828,69,60,67,31,41,31,82,36,2.0
1829,88,77,48,21,36,31,22,61,2.3181818181818183
1830,22,87,65,33,61,84,52,71,3.3181818181818183
1831,45,43,86,29,51,46,36,71,2.272727272727273
1832,87,66,60,42,61,88,75,23,3.3636363636363638
1833,47,52,76,56,64,24,65,41,2.5454545454545454
1834,29,27,68,56,88,37,63,52,2.0454545454545454
1835,44,54,33,61,63,62,23,78,3.0
1836,33,90,56,60,74,38,83,28,2.6363636363636362
1837,42,59,55,25,47,90,25,23,1.9090909090909092
1838,51,66,30,27,57,38,74,53,2.1818181818181817
1839,51,52,78,86,75,70,83,66,4.2272727272727275
1840,88,20,28,84,20,82,24,90,2.727272727272727
1841,66,36,57,37,87,67,69,80,2.909090909090909
1842,54,55,20,45,54,41,66,58,2.3636363636363638
1843,74,86,63,39,43,63,26,26,2.6363636363636362
1844,62,43,63,91,80,30,56,35,2.590909090909091
1845,58,55,32,26,49,38,25,35,1.2272727272727273
1846,23,78,29,24,54,56,81,73,2.6363636363636362
1847,68,91,63,22,88,86,78,83,4.090909090909091
1848,22,23,65,29,90,49,24,47,1.5909090909090908
1849,89,70,84,56,40,77,31,22,3.272727272727273
1850,83,33,42,38,52,51,75,41,1.9545454545454546
1851,75,47,49,88,85,39,24,78,3.272727272727273
1852,25,54,86,91,49,35,31,37,1.9545454545454546
1853,55,45,61,84,72,32,90,74,3.409090909090909
1854,68,51,55,20,87,56,79,72,3.3636363636363638
1855,29,85,22,27,79,69,63,86,3.0
1856,48,42,80,83,27,32,60,89,2.4545454545454546
1857,22,38,64,48,29,38,58,70,1.4545454545454546
1858,81,63,80,62,62,35,42,57,3.409090909090909
1859,58,38,39,56,51,42,28,69,1.9090909090909092
1860,54,49,82,46,29,72,65,85,3.0454545454545454
1861,73,38,56,47,60,41,72,54,2.5454545454545454
1862,63,24,55,33,76,58,87,68,2.6818181818181817
1863,55,51,75,47,82,70,51,84,3.8636363636363638
1864,83,62,22,67,76,42,46,59,3.272727272727273
1865,85,60,52,28,88,81,76,41,3.409090909090909
1866,66,27,60,39,72,38,72,65,2.3636363636363638
1867,78,55,64,54,53,41,41,21,2.590909090909091
1868,60,36,43,60,54,62,31,85,2.8181818181818183
1869,78,32,56,40,65,69,56,85,3.0
1870,85,88,66,82,90,52,39,84,4.409090909090909
1871,43,51,69,62,67,26,70,69,2.909090909090909
1872,64,71,25,79,87,55,67,91,4.090909090909091
1873,35,22,71,34,30,63,87,52,1.6363636363636365
1874,42,56,37,78,31,34,24,64,1.9090909090909092
1875,50,79,40,67,50,56,80,90,3.6818181818181817
1876,57,33,76,27,81,34,37,53,1.9545454545454546
1877,41,21,80,74,50,61,53,77,3.0454545454545454
1878,80,24,68,36,48,33,31,47,1.5909090909090908
1879,26,38,85,47,45,45,20,29,1.2727272727272727
1880,90,89,71,41,39,83,45,38,2.9545454545454546
1881,20,88,90,87,51,87,39,56,3.5454545454545454
1882,63,30,37,80,89,47,41,52,2.6363636363636362
1883,38,78,23,67,76,53,25,36,2.5454545454545454
1884,55,74,67,91,80,24,46,64,3.6818181818181817
1885,82,57,71,43,21,24,81,26,2.0454545454545454
1886,80,37,38,24,79,48,27,36,1.6363636363636365
1887,90,75,90,61,32,56,22,57,3.409090909090909
1888,89,87,61,22,62,68,56,28,3.1818181818181817
1889,20,43,43,38,45,85,45,32,1.3181818181818181
1890,42,37,51,65,24,42,55,66,1.7727272727272727
1891,40,86,70,31,48,41,42,71,2.6363636363636362
1892,77,84,54,71,38,81,36,48,3.5
1893,37,80,45,29,21,67,49,58,2.1363636363636362
1894,28,49,85,44,26,53,71,84,2.272727272727273
1895,58,63,32,89,61,26,50,33,2.5
1896,71,49,89,45,75,89,86,39,3.3636363636363638
1897,56,28,31,64,75,74,73,35,2.5454545454545454
1898,75,41,29,46,44,40,41,29,1.4545454545454546
1899,31,20,80,75,74,86,84,24,2.727272727272727
1900,57,76,84,61,24,45,22,63,3.1363636363636362
1901,24,40,68,46,29,90,53,90,2.3181818181818183
1902,52,82,80,26,74,30,21,57,2.8636363636363638
1903,32,43,76,66,29,28,45,21,1.2727272727272727
1904,43,23,34,75,36,62,52,81,2.1818181818181817
1905,23,40,84,55,21,25,64,77,1.9090909090909092
1906,66,36,53,69,84,72,58,86,3.5454545454545454
1907,66,59,27,56,66,40,75,83,3.090909090909091
1908,71,74,34,66,43,42,80,87,3.3181818181818183
1909,77,47,61,31,54,73,87,59,3.1363636363636362
1910,89,64,68,34,22,77,58,31,2.590909090909091
1911,58,85,84,85,20,56,83,77,3.772727272727273
1912,38,42,44,50,72,28,83,69,2.1363636363636362
1913,72,89,53,83,63,73,68,72,4.636363636363637
1914,79,56,86,27,40,55,59,38,2.3636363636363638
1915,48,58,68,26,67,58,76,74,3.0454545454545454
1916,50,28,41,72,76,87,37,84,3.227272727272727
1917,40,41,80,24,24,31,68,48,1.2272727272727273
1918,90,20,81,26,83,43,56,73,2.772727272727273
1919,25,64,20,69,21,54,85,72,2.590909090909091
1920,37,74,59,44,89,48,47,63,2.909090909090909
1921,61,66,25,79,33,39,61,35,2.1363636363636362
1922,63,67,25,37,28,20,53,63,1.9545454545454546
1923,52,28,20,88,48,62,35,75,2.590909090909091
1924,68,64,48,91,45,32,85,50,3.0454545454545454
1925,21,73,58,67,79,45,77,55,3.3181818181818183
1926,70,85,91,82,78,21,42,38,3.4545454545454546
1927,61,76,74,64,31,83,83,34,3.3636363636363638
1928,69,64,55,72,25,80,58,29,3.0454545454545454
1929,51,71,46,72,31,80,52,49,3.272727272727273
1930,53,87,43,40,33,69,73,73,3.0
1931,54,38,84,51,54,79,65,83,3.227272727272727
1932,71,33,49,26,28,49,48,60,1.7727272727272727
1933,42,22,47,22,23,80,73,90,1.9090909090909092
1934,53,68,51,22,67,71,84,49,3.1363636363636362
1935,37,23,83,83,89,62,85,81,3.272727272727273
1936,46,32,82,25,65,85,59,72,2.772727272727273
1937,51,32,46,69,57,51,68,43,2.272727272727273
1938,86,49,78,83,62,80,50,78,4.2272727272727275
1939,72,45,51,59,59,26,83,76,3.0454545454545454
1940,91,39,58,40,59,28,77,35,1.7272727272727273
1941,21,68,87,70,57,46,34,45,2.8181818181818183
1942,38,41,60,78,45,69,49,50,2.5454545454545454
1943,85,54,44,27,70,23,87,21,2.227272727272727
1944,25,72,32,48,40,61,53,68,2.5454545454545454
1945,89,71,44,25,34,71,68,59,2.9545454545454546
1946,30,64,46,35,22,68,53,40,1.7272727272727273
1947,91,90,45,26,77,52,89,44,3.227272727272727
1948,24,32,52,80,42,60,48,44,1.8636363636363635
1949,23,73,79,63,84,61,24,46,3.409090909090909
1950,33,73,40,33,78,86,21,77,3.0454545454545454
1951,49,36,68,60,43,31,22,31,1.3181818181818181
1952,90,70,49,67,85,55,63,53,4.0
1953,81,26,23,23,86,37,21,62,1.9090909090909092
1954,32,78,65,53,27,50,66,44,2.409090909090909
1955,90,35,82,30,60,80,25,88,3.0454545454545454
1956,84,24,72,42,75,43,70,88,3.0
1957,61,34,32,28,23,76,20,90,1.9090909090909092
1958,48,40,62,53,49,83,50,52,2.727272727272727
1959,52,31,48,21,42,34,66,49,1.1818181818181819
1960,22,81,62,26,25,42,88,30,1.6363636363636365
1961,69,68,79,72,22,60,69,81,3.8181818181818183
1962,66,35,80,39,65,43,49,40,1.9090909090909092
1963,85,29,53,75,38,86,41,71,3.0454545454545454
1964,47,80,91,89,21,68,59,86,3.6818181818181817
1965,40,21,59,50,89,54,26,73,2.590909090909091
1966,86,82,22,52,81,20,77,51,3.3181818181818183
1967,22,69,47,25,49,46,89,39,1.6818181818181819
1968,29,22,55,75,41,34,41,41,1.2727272727272727
1969,40,58,26,91,61,33,38,68,2.4545454545454546
1970,23,34,40,35,88,39,64,69,1.5
1971,57,30,72,87,82,55,84,80,3.5454545454545454
1972,83,51,26,45,40,24,46,73,2.409090909090909
1973,60,29,21,59,59,77,27,36,2.0454545454545454
1974,63,27,26,91,85,56,54,28,2.4545454545454546
1975,36,68,27,77,47,77,73,54,3.0
1976,39,60,87,48,77,63,73,62,3.4545454545454546
1977,81,83,87,90,41,40,85,83,3.909090909090909
1978,21,89,61,59,24,34,75,51,2.3181818181818183
1979,48,49,78,86,35,26,44,39,1.8181818181818181
1980,20,89,71,74,80,34,57,75,3.5454545454545454
1981,22,62,57,61,31,29,38,70,2.227272727272727
1982,68,49,32,43,83,64,91,83,3.1818181818181817
1983,32,25,22,80,49,79,56,47,2.0454545454545454
1984,52,31,40,74,40,42,51,81,2.272727272727273
1985,60,89,54,76,62,88,41,50,4.090909090909091
1986,74,66,77,65,80,78,28,88,4.454545454545454
1987,22,79,75,56,20,47,41,57,2.5
1988,33,71,24,54,36,29,83,83,2.227272727272727
1989,88,40,79,87,55,77,31,91,3.772727272727273
1990,91,69,24,45,76,46,40,75,3.3636363636363638
1991,70,69,78,84,84,89,81,36,4.136363636363637
1992,76,29,72,25,60,34,30,37,1.6818181818181819
1993,20,66,49,81,39,34,29,26,1.5909090909090908
1994,49,55,60,54,75,36,65,62,3.0
1995,90,76,42,75,78,43,87,37,3.409090909090909
1996,86,45,59,88,88,54,91,80,4.0
1997,62,84,54,24,91,68,82,74,3.8636363636363638
1998,59,54,82,57,85,82,24,90,3.8636363636363638
1999,88,58,30,69,64,66,83,65,3.6363636363636362
